2025-11-12 10:56:42,636 INFO notifyConnectTimeout:100

2025-11-12 10:56:42,660 INFO notifySocketTimeout:200

2025-11-12 10:56:42,662 INFO isHealthCheck:true

2025-11-12 10:56:42,662 INFO maxHealthCheckFailCount:12

2025-11-12 10:56:42,663 INFO maxContent:10485760

2025-11-12 10:58:01,341 INFO notifyConnectTimeout:100

2025-11-12 10:58:01,365 INFO notifySocketTimeout:200

2025-11-12 10:58:01,366 INFO isHealthCheck:true

2025-11-12 10:58:01,369 INFO maxHealthCheckFailCount:12

2025-11-12 10:58:01,371 INFO maxContent:10485760

2025-11-12 10:58:44,821 ERROR An error occurred while executing method [configInfoConflictCount].
 Parameters: [nacos_namespace_migrate].

java.lang.IllegalStateException: No DataSource set
	at org.springframework.util.Assert.state(Assert.java:79)
	at org.springframework.jdbc.support.JdbcAccessor.obtainDataSource(JdbcAccessor.java:78)
	at org.springframework.jdbc.core.JdbcTemplate.execute(JdbcTemplate.java:653)
	at org.springframework.jdbc.core.JdbcTemplate.query(JdbcTemplate.java:723)
	at org.springframework.jdbc.core.JdbcTemplate.query(JdbcTemplate.java:754)
	at org.springframework.jdbc.core.JdbcTemplate.query(JdbcTemplate.java:767)
	at org.springframework.jdbc.core.JdbcTemplate.queryForObject(JdbcTemplate.java:889)
	at org.springframework.jdbc.core.JdbcTemplate.queryForObject(JdbcTemplate.java:912)
	at com.alibaba.nacos.config.server.service.repository.extrnal.ExternalConfigMigratePersistServiceImpl.configInfoConflictCount(ExternalConfigMigratePersistServiceImpl.java:117)
	at java.base/jdk.internal.reflect.NativeMethodAccessorImpl.invoke0(Native Method)
	at java.base/jdk.internal.reflect.NativeMethodAccessorImpl.invoke(NativeMethodAccessorImpl.java:77)
	at java.base/jdk.internal.reflect.DelegatingMethodAccessorImpl.invoke(DelegatingMethodAccessorImpl.java:43)
	at java.base/java.lang.reflect.Method.invoke(Method.java:569)
	at org.springframework.aop.support.AopUtils.invokeJoinpointUsingReflection(AopUtils.java:359)
	at org.springframework.aop.framework.ReflectiveMethodInvocation.invokeJoinpoint(ReflectiveMethodInvocation.java:196)
	at org.springframework.aop.framework.ReflectiveMethodInvocation.proceed(ReflectiveMethodInvocation.java:163)
	at org.springframework.aop.aspectj.AspectJAfterThrowingAdvice.invoke(AspectJAfterThrowingAdvice.java:64)
	at org.springframework.aop.framework.ReflectiveMethodInvocation.proceed(ReflectiveMethodInvocation.java:184)
	at org.springframework.aop.interceptor.ExposeInvocationInterceptor.invoke(ExposeInvocationInterceptor.java:97)
	at org.springframework.aop.framework.ReflectiveMethodInvocation.proceed(ReflectiveMethodInvocation.java:184)
	at org.springframework.aop.framework.CglibAopProxy$DynamicAdvisedInterceptor.intercept(CglibAopProxy.java:727)
	at com.alibaba.nacos.config.server.service.repository.extrnal.ExternalConfigMigratePersistServiceImpl$$SpringCGLIB$$0.configInfoConflictCount(<generated>)
	at com.alibaba.nacos.config.server.service.ConfigMigrateService.namespaceMigratePreCheck(ConfigMigrateService.java:750)
	at com.alibaba.nacos.config.server.service.ConfigMigrateService.doCheckNamespaceMigrate(ConfigMigrateService.java:519)
	at com.alibaba.nacos.config.server.service.ConfigMigrateService.migrate(ConfigMigrateService.java:158)
	at java.base/jdk.internal.reflect.NativeMethodAccessorImpl.invoke0(Native Method)
	at java.base/jdk.internal.reflect.NativeMethodAccessorImpl.invoke(NativeMethodAccessorImpl.java:77)
	at java.base/jdk.internal.reflect.DelegatingMethodAccessorImpl.invoke(DelegatingMethodAccessorImpl.java:43)
	at java.base/java.lang.reflect.Method.invoke(Method.java:569)
	at org.springframework.beans.factory.annotation.InitDestroyAnnotationBeanPostProcessor$LifecycleMethod.invoke(InitDestroyAnnotationBeanPostProcessor.java:457)
	at org.springframework.beans.factory.annotation.InitDestroyAnnotationBeanPostProcessor$LifecycleMetadata.invokeInitMethods(InitDestroyAnnotationBeanPostProcessor.java:401)
	at org.springframework.beans.factory.annotation.InitDestroyAnnotationBeanPostProcessor.postProcessBeforeInitialization(InitDestroyAnnotationBeanPostProcessor.java:219)
	at org.springframework.beans.factory.support.AbstractAutowireCapableBeanFactory.applyBeanPostProcessorsBeforeInitialization(AbstractAutowireCapableBeanFactory.java:423)
	at org.springframework.beans.factory.support.AbstractAutowireCapableBeanFactory.initializeBean(AbstractAutowireCapableBeanFactory.java:1804)
	at org.springframework.beans.factory.support.AbstractAutowireCapableBeanFactory.doCreateBean(AbstractAutowireCapableBeanFactory.java:601)
	at org.springframework.beans.factory.support.AbstractAutowireCapableBeanFactory.createBean(AbstractAutowireCapableBeanFactory.java:523)
	at org.springframework.beans.factory.support.AbstractBeanFactory.lambda$doGetBean$0(AbstractBeanFactory.java:339)
	at org.springframework.beans.factory.support.DefaultSingletonBeanRegistry.getSingleton(DefaultSingletonBeanRegistry.java:347)
	at org.springframework.beans.factory.support.AbstractBeanFactory.doGetBean(AbstractBeanFactory.java:337)
	at org.springframework.beans.factory.support.AbstractBeanFactory.getBean(AbstractBeanFactory.java:202)
	at org.springframework.beans.factory.support.AbstractBeanFactory.doGetBean(AbstractBeanFactory.java:315)
	at org.springframework.beans.factory.support.AbstractBeanFactory.getBean(AbstractBeanFactory.java:202)
	at org.springframework.beans.factory.config.DependencyDescriptor.resolveCandidate(DependencyDescriptor.java:254)
	at org.springframework.beans.factory.support.DefaultListableBeanFactory.doResolveDependency(DefaultListableBeanFactory.java:1667)
	at org.springframework.beans.factory.support.DefaultListableBeanFactory.resolveDependency(DefaultListableBeanFactory.java:1555)
	at org.springframework.beans.factory.support.ConstructorResolver.resolveAutowiredArgument(ConstructorResolver.java:913)
	at org.springframework.beans.factory.support.ConstructorResolver.createArgumentArray(ConstructorResolver.java:791)
	at org.springframework.beans.factory.support.ConstructorResolver.autowireConstructor(ConstructorResolver.java:240)
	at org.springframework.beans.factory.support.AbstractAutowireCapableBeanFactory.autowireConstructor(AbstractAutowireCapableBeanFactory.java:1381)
	at org.springframework.beans.factory.support.AbstractAutowireCapableBeanFactory.createBeanInstance(AbstractAutowireCapableBeanFactory.java:1218)
	at org.springframework.beans.factory.support.AbstractAutowireCapableBeanFactory.doCreateBean(AbstractAutowireCapableBeanFactory.java:563)
	at org.springframework.beans.factory.support.AbstractAutowireCapableBeanFactory.createBean(AbstractAutowireCapableBeanFactory.java:523)
	at org.springframework.beans.factory.support.AbstractBeanFactory.lambda$doGetBean$0(AbstractBeanFactory.java:339)
	at org.springframework.beans.factory.support.DefaultSingletonBeanRegistry.getSingleton(DefaultSingletonBeanRegistry.java:347)
	at org.springframework.beans.factory.support.AbstractBeanFactory.doGetBean(AbstractBeanFactory.java:337)
	at org.springframework.beans.factory.support.AbstractBeanFactory.getBean(AbstractBeanFactory.java:202)
	at org.springframework.beans.factory.support.DefaultListableBeanFactory.instantiateSingleton(DefaultListableBeanFactory.java:1155)
	at org.springframework.beans.factory.support.DefaultListableBeanFactory.preInstantiateSingleton(DefaultListableBeanFactory.java:1121)
	at org.springframework.beans.factory.support.DefaultListableBeanFactory.preInstantiateSingletons(DefaultListableBeanFactory.java:1056)
	at org.springframework.context.support.AbstractApplicationContext.finishBeanFactoryInitialization(AbstractApplicationContext.java:987)
	at org.springframework.context.support.AbstractApplicationContext.refresh(AbstractApplicationContext.java:627)
	at org.springframework.boot.SpringApplication.refresh(SpringApplication.java:752)
	at org.springframework.boot.SpringApplication.refreshContext(SpringApplication.java:439)
	at org.springframework.boot.SpringApplication.run(SpringApplication.java:318)
	at org.springframework.boot.builder.SpringApplicationBuilder.run(SpringApplicationBuilder.java:149)
	at com.alibaba.nacos.bootstrap.NacosBootstrap.startCoreContext(NacosBootstrap.java:96)
	at com.alibaba.nacos.bootstrap.NacosBootstrap.startWithConsole(NacosBootstrap.java:84)
	at com.alibaba.nacos.bootstrap.NacosBootstrap.main(NacosBootstrap.java:54)
	at java.base/jdk.internal.reflect.NativeMethodAccessorImpl.invoke0(Native Method)
	at java.base/jdk.internal.reflect.NativeMethodAccessorImpl.invoke(NativeMethodAccessorImpl.java:77)
	at java.base/jdk.internal.reflect.DelegatingMethodAccessorImpl.invoke(DelegatingMethodAccessorImpl.java:43)
	at java.base/java.lang.reflect.Method.invoke(Method.java:569)
	at org.springframework.boot.loader.launch.Launcher.launch(Launcher.java:102)
	at org.springframework.boot.loader.launch.Launcher.launch(Launcher.java:64)
	at org.springframework.boot.loader.launch.PropertiesLauncher.main(PropertiesLauncher.java:580)
2025-11-12 10:58:45,877 ERROR An error occurred while executing method [configInfoConflictCount].
 Parameters: [nacos_namespace_migrate].

java.lang.IllegalStateException: No DataSource set
	at org.springframework.util.Assert.state(Assert.java:79)
	at org.springframework.jdbc.support.JdbcAccessor.obtainDataSource(JdbcAccessor.java:78)
	at org.springframework.jdbc.core.JdbcTemplate.execute(JdbcTemplate.java:653)
	at org.springframework.jdbc.core.JdbcTemplate.query(JdbcTemplate.java:723)
	at org.springframework.jdbc.core.JdbcTemplate.query(JdbcTemplate.java:754)
	at org.springframework.jdbc.core.JdbcTemplate.query(JdbcTemplate.java:767)
	at org.springframework.jdbc.core.JdbcTemplate.queryForObject(JdbcTemplate.java:889)
	at org.springframework.jdbc.core.JdbcTemplate.queryForObject(JdbcTemplate.java:912)
	at com.alibaba.nacos.config.server.service.repository.extrnal.ExternalConfigMigratePersistServiceImpl.configInfoConflictCount(ExternalConfigMigratePersistServiceImpl.java:117)
	at java.base/jdk.internal.reflect.NativeMethodAccessorImpl.invoke0(Native Method)
	at java.base/jdk.internal.reflect.NativeMethodAccessorImpl.invoke(NativeMethodAccessorImpl.java:77)
	at java.base/jdk.internal.reflect.DelegatingMethodAccessorImpl.invoke(DelegatingMethodAccessorImpl.java:43)
	at java.base/java.lang.reflect.Method.invoke(Method.java:569)
	at org.springframework.aop.support.AopUtils.invokeJoinpointUsingReflection(AopUtils.java:359)
	at org.springframework.aop.framework.ReflectiveMethodInvocation.invokeJoinpoint(ReflectiveMethodInvocation.java:196)
	at org.springframework.aop.framework.ReflectiveMethodInvocation.proceed(ReflectiveMethodInvocation.java:163)
	at org.springframework.aop.aspectj.AspectJAfterThrowingAdvice.invoke(AspectJAfterThrowingAdvice.java:64)
	at org.springframework.aop.framework.ReflectiveMethodInvocation.proceed(ReflectiveMethodInvocation.java:184)
	at org.springframework.aop.interceptor.ExposeInvocationInterceptor.invoke(ExposeInvocationInterceptor.java:97)
	at org.springframework.aop.framework.ReflectiveMethodInvocation.proceed(ReflectiveMethodInvocation.java:184)
	at org.springframework.aop.framework.CglibAopProxy$DynamicAdvisedInterceptor.intercept(CglibAopProxy.java:727)
	at com.alibaba.nacos.config.server.service.repository.extrnal.ExternalConfigMigratePersistServiceImpl$$SpringCGLIB$$0.configInfoConflictCount(<generated>)
	at com.alibaba.nacos.config.server.service.ConfigMigrateService.namespaceMigratePreCheck(ConfigMigrateService.java:750)
	at com.alibaba.nacos.config.server.service.ConfigMigrateService.doCheckNamespaceMigrate(ConfigMigrateService.java:519)
	at com.alibaba.nacos.config.server.service.ConfigMigrateService.migrate(ConfigMigrateService.java:158)
	at java.base/jdk.internal.reflect.NativeMethodAccessorImpl.invoke0(Native Method)
	at java.base/jdk.internal.reflect.NativeMethodAccessorImpl.invoke(NativeMethodAccessorImpl.java:77)
	at java.base/jdk.internal.reflect.DelegatingMethodAccessorImpl.invoke(DelegatingMethodAccessorImpl.java:43)
	at java.base/java.lang.reflect.Method.invoke(Method.java:569)
	at org.springframework.beans.factory.annotation.InitDestroyAnnotationBeanPostProcessor$LifecycleMethod.invoke(InitDestroyAnnotationBeanPostProcessor.java:457)
	at org.springframework.beans.factory.annotation.InitDestroyAnnotationBeanPostProcessor$LifecycleMetadata.invokeInitMethods(InitDestroyAnnotationBeanPostProcessor.java:401)
	at org.springframework.beans.factory.annotation.InitDestroyAnnotationBeanPostProcessor.postProcessBeforeInitialization(InitDestroyAnnotationBeanPostProcessor.java:219)
	at org.springframework.beans.factory.support.AbstractAutowireCapableBeanFactory.applyBeanPostProcessorsBeforeInitialization(AbstractAutowireCapableBeanFactory.java:423)
	at org.springframework.beans.factory.support.AbstractAutowireCapableBeanFactory.initializeBean(AbstractAutowireCapableBeanFactory.java:1804)
	at org.springframework.beans.factory.support.AbstractAutowireCapableBeanFactory.doCreateBean(AbstractAutowireCapableBeanFactory.java:601)
	at org.springframework.beans.factory.support.AbstractAutowireCapableBeanFactory.createBean(AbstractAutowireCapableBeanFactory.java:523)
	at org.springframework.beans.factory.support.AbstractBeanFactory.lambda$doGetBean$0(AbstractBeanFactory.java:339)
	at org.springframework.beans.factory.support.DefaultSingletonBeanRegistry.getSingleton(DefaultSingletonBeanRegistry.java:347)
	at org.springframework.beans.factory.support.AbstractBeanFactory.doGetBean(AbstractBeanFactory.java:337)
	at org.springframework.beans.factory.support.AbstractBeanFactory.getBean(AbstractBeanFactory.java:202)
	at org.springframework.beans.factory.support.AbstractBeanFactory.doGetBean(AbstractBeanFactory.java:315)
	at org.springframework.beans.factory.support.AbstractBeanFactory.getBean(AbstractBeanFactory.java:202)
	at org.springframework.beans.factory.config.DependencyDescriptor.resolveCandidate(DependencyDescriptor.java:254)
	at org.springframework.beans.factory.support.DefaultListableBeanFactory.doResolveDependency(DefaultListableBeanFactory.java:1667)
	at org.springframework.beans.factory.support.DefaultListableBeanFactory.resolveDependency(DefaultListableBeanFactory.java:1555)
	at org.springframework.beans.factory.support.ConstructorResolver.resolveAutowiredArgument(ConstructorResolver.java:913)
	at org.springframework.beans.factory.support.ConstructorResolver.createArgumentArray(ConstructorResolver.java:791)
	at org.springframework.beans.factory.support.ConstructorResolver.autowireConstructor(ConstructorResolver.java:240)
	at org.springframework.beans.factory.support.AbstractAutowireCapableBeanFactory.autowireConstructor(AbstractAutowireCapableBeanFactory.java:1381)
	at org.springframework.beans.factory.support.AbstractAutowireCapableBeanFactory.createBeanInstance(AbstractAutowireCapableBeanFactory.java:1218)
	at org.springframework.beans.factory.support.AbstractAutowireCapableBeanFactory.doCreateBean(AbstractAutowireCapableBeanFactory.java:563)
	at org.springframework.beans.factory.support.AbstractAutowireCapableBeanFactory.createBean(AbstractAutowireCapableBeanFactory.java:523)
	at org.springframework.beans.factory.support.AbstractBeanFactory.lambda$doGetBean$0(AbstractBeanFactory.java:339)
	at org.springframework.beans.factory.support.DefaultSingletonBeanRegistry.getSingleton(DefaultSingletonBeanRegistry.java:347)
	at org.springframework.beans.factory.support.AbstractBeanFactory.doGetBean(AbstractBeanFactory.java:337)
	at org.springframework.beans.factory.support.AbstractBeanFactory.getBean(AbstractBeanFactory.java:202)
	at org.springframework.beans.factory.support.DefaultListableBeanFactory.instantiateSingleton(DefaultListableBeanFactory.java:1155)
	at org.springframework.beans.factory.support.DefaultListableBeanFactory.preInstantiateSingleton(DefaultListableBeanFactory.java:1121)
	at org.springframework.beans.factory.support.DefaultListableBeanFactory.preInstantiateSingletons(DefaultListableBeanFactory.java:1056)
	at org.springframework.context.support.AbstractApplicationContext.finishBeanFactoryInitialization(AbstractApplicationContext.java:987)
	at org.springframework.context.support.AbstractApplicationContext.refresh(AbstractApplicationContext.java:627)
	at org.springframework.boot.SpringApplication.refresh(SpringApplication.java:752)
	at org.springframework.boot.SpringApplication.refreshContext(SpringApplication.java:439)
	at org.springframework.boot.SpringApplication.run(SpringApplication.java:318)
	at org.springframework.boot.builder.SpringApplicationBuilder.run(SpringApplicationBuilder.java:149)
	at com.alibaba.nacos.bootstrap.NacosBootstrap.startCoreContext(NacosBootstrap.java:96)
	at com.alibaba.nacos.bootstrap.NacosBootstrap.startWithConsole(NacosBootstrap.java:84)
	at com.alibaba.nacos.bootstrap.NacosBootstrap.main(NacosBootstrap.java:54)
	at java.base/jdk.internal.reflect.NativeMethodAccessorImpl.invoke0(Native Method)
	at java.base/jdk.internal.reflect.NativeMethodAccessorImpl.invoke(NativeMethodAccessorImpl.java:77)
	at java.base/jdk.internal.reflect.DelegatingMethodAccessorImpl.invoke(DelegatingMethodAccessorImpl.java:43)
	at java.base/java.lang.reflect.Method.invoke(Method.java:569)
	at org.springframework.boot.loader.launch.Launcher.launch(Launcher.java:102)
	at org.springframework.boot.loader.launch.Launcher.launch(Launcher.java:64)
	at org.springframework.boot.loader.launch.PropertiesLauncher.main(PropertiesLauncher.java:580)
2025-11-12 10:58:47,045 ERROR An error occurred while executing method [configInfoConflictCount].
 Parameters: [nacos_namespace_migrate].

java.lang.IllegalStateException: No DataSource set
	at org.springframework.util.Assert.state(Assert.java:79)
	at org.springframework.jdbc.support.JdbcAccessor.obtainDataSource(JdbcAccessor.java:78)
	at org.springframework.jdbc.core.JdbcTemplate.execute(JdbcTemplate.java:653)
	at org.springframework.jdbc.core.JdbcTemplate.query(JdbcTemplate.java:723)
	at org.springframework.jdbc.core.JdbcTemplate.query(JdbcTemplate.java:754)
	at org.springframework.jdbc.core.JdbcTemplate.query(JdbcTemplate.java:767)
	at org.springframework.jdbc.core.JdbcTemplate.queryForObject(JdbcTemplate.java:889)
	at org.springframework.jdbc.core.JdbcTemplate.queryForObject(JdbcTemplate.java:912)
	at com.alibaba.nacos.config.server.service.repository.extrnal.ExternalConfigMigratePersistServiceImpl.configInfoConflictCount(ExternalConfigMigratePersistServiceImpl.java:117)
	at java.base/jdk.internal.reflect.NativeMethodAccessorImpl.invoke0(Native Method)
	at java.base/jdk.internal.reflect.NativeMethodAccessorImpl.invoke(NativeMethodAccessorImpl.java:77)
	at java.base/jdk.internal.reflect.DelegatingMethodAccessorImpl.invoke(DelegatingMethodAccessorImpl.java:43)
	at java.base/java.lang.reflect.Method.invoke(Method.java:569)
	at org.springframework.aop.support.AopUtils.invokeJoinpointUsingReflection(AopUtils.java:359)
	at org.springframework.aop.framework.ReflectiveMethodInvocation.invokeJoinpoint(ReflectiveMethodInvocation.java:196)
	at org.springframework.aop.framework.ReflectiveMethodInvocation.proceed(ReflectiveMethodInvocation.java:163)
	at org.springframework.aop.aspectj.AspectJAfterThrowingAdvice.invoke(AspectJAfterThrowingAdvice.java:64)
	at org.springframework.aop.framework.ReflectiveMethodInvocation.proceed(ReflectiveMethodInvocation.java:184)
	at org.springframework.aop.interceptor.ExposeInvocationInterceptor.invoke(ExposeInvocationInterceptor.java:97)
	at org.springframework.aop.framework.ReflectiveMethodInvocation.proceed(ReflectiveMethodInvocation.java:184)
	at org.springframework.aop.framework.CglibAopProxy$DynamicAdvisedInterceptor.intercept(CglibAopProxy.java:727)
	at com.alibaba.nacos.config.server.service.repository.extrnal.ExternalConfigMigratePersistServiceImpl$$SpringCGLIB$$0.configInfoConflictCount(<generated>)
	at com.alibaba.nacos.config.server.service.ConfigMigrateService.namespaceMigratePreCheck(ConfigMigrateService.java:750)
	at com.alibaba.nacos.config.server.service.ConfigMigrateService.doCheckNamespaceMigrate(ConfigMigrateService.java:519)
	at com.alibaba.nacos.config.server.service.ConfigMigrateService.migrate(ConfigMigrateService.java:158)
	at java.base/jdk.internal.reflect.NativeMethodAccessorImpl.invoke0(Native Method)
	at java.base/jdk.internal.reflect.NativeMethodAccessorImpl.invoke(NativeMethodAccessorImpl.java:77)
	at java.base/jdk.internal.reflect.DelegatingMethodAccessorImpl.invoke(DelegatingMethodAccessorImpl.java:43)
	at java.base/java.lang.reflect.Method.invoke(Method.java:569)
	at org.springframework.beans.factory.annotation.InitDestroyAnnotationBeanPostProcessor$LifecycleMethod.invoke(InitDestroyAnnotationBeanPostProcessor.java:457)
	at org.springframework.beans.factory.annotation.InitDestroyAnnotationBeanPostProcessor$LifecycleMetadata.invokeInitMethods(InitDestroyAnnotationBeanPostProcessor.java:401)
	at org.springframework.beans.factory.annotation.InitDestroyAnnotationBeanPostProcessor.postProcessBeforeInitialization(InitDestroyAnnotationBeanPostProcessor.java:219)
	at org.springframework.beans.factory.support.AbstractAutowireCapableBeanFactory.applyBeanPostProcessorsBeforeInitialization(AbstractAutowireCapableBeanFactory.java:423)
	at org.springframework.beans.factory.support.AbstractAutowireCapableBeanFactory.initializeBean(AbstractAutowireCapableBeanFactory.java:1804)
	at org.springframework.beans.factory.support.AbstractAutowireCapableBeanFactory.doCreateBean(AbstractAutowireCapableBeanFactory.java:601)
	at org.springframework.beans.factory.support.AbstractAutowireCapableBeanFactory.createBean(AbstractAutowireCapableBeanFactory.java:523)
	at org.springframework.beans.factory.support.AbstractBeanFactory.lambda$doGetBean$0(AbstractBeanFactory.java:339)
	at org.springframework.beans.factory.support.DefaultSingletonBeanRegistry.getSingleton(DefaultSingletonBeanRegistry.java:347)
	at org.springframework.beans.factory.support.AbstractBeanFactory.doGetBean(AbstractBeanFactory.java:337)
	at org.springframework.beans.factory.support.AbstractBeanFactory.getBean(AbstractBeanFactory.java:202)
	at org.springframework.beans.factory.support.AbstractBeanFactory.doGetBean(AbstractBeanFactory.java:315)
	at org.springframework.beans.factory.support.AbstractBeanFactory.getBean(AbstractBeanFactory.java:202)
	at org.springframework.beans.factory.config.DependencyDescriptor.resolveCandidate(DependencyDescriptor.java:254)
	at org.springframework.beans.factory.support.DefaultListableBeanFactory.doResolveDependency(DefaultListableBeanFactory.java:1667)
	at org.springframework.beans.factory.support.DefaultListableBeanFactory.resolveDependency(DefaultListableBeanFactory.java:1555)
	at org.springframework.beans.factory.support.ConstructorResolver.resolveAutowiredArgument(ConstructorResolver.java:913)
	at org.springframework.beans.factory.support.ConstructorResolver.createArgumentArray(ConstructorResolver.java:791)
	at org.springframework.beans.factory.support.ConstructorResolver.autowireConstructor(ConstructorResolver.java:240)
	at org.springframework.beans.factory.support.AbstractAutowireCapableBeanFactory.autowireConstructor(AbstractAutowireCapableBeanFactory.java:1381)
	at org.springframework.beans.factory.support.AbstractAutowireCapableBeanFactory.createBeanInstance(AbstractAutowireCapableBeanFactory.java:1218)
	at org.springframework.beans.factory.support.AbstractAutowireCapableBeanFactory.doCreateBean(AbstractAutowireCapableBeanFactory.java:563)
	at org.springframework.beans.factory.support.AbstractAutowireCapableBeanFactory.createBean(AbstractAutowireCapableBeanFactory.java:523)
	at org.springframework.beans.factory.support.AbstractBeanFactory.lambda$doGetBean$0(AbstractBeanFactory.java:339)
	at org.springframework.beans.factory.support.DefaultSingletonBeanRegistry.getSingleton(DefaultSingletonBeanRegistry.java:347)
	at org.springframework.beans.factory.support.AbstractBeanFactory.doGetBean(AbstractBeanFactory.java:337)
	at org.springframework.beans.factory.support.AbstractBeanFactory.getBean(AbstractBeanFactory.java:202)
	at org.springframework.beans.factory.support.DefaultListableBeanFactory.instantiateSingleton(DefaultListableBeanFactory.java:1155)
	at org.springframework.beans.factory.support.DefaultListableBeanFactory.preInstantiateSingleton(DefaultListableBeanFactory.java:1121)
	at org.springframework.beans.factory.support.DefaultListableBeanFactory.preInstantiateSingletons(DefaultListableBeanFactory.java:1056)
	at org.springframework.context.support.AbstractApplicationContext.finishBeanFactoryInitialization(AbstractApplicationContext.java:987)
	at org.springframework.context.support.AbstractApplicationContext.refresh(AbstractApplicationContext.java:627)
	at org.springframework.boot.SpringApplication.refresh(SpringApplication.java:752)
	at org.springframework.boot.SpringApplication.refreshContext(SpringApplication.java:439)
	at org.springframework.boot.SpringApplication.run(SpringApplication.java:318)
	at org.springframework.boot.builder.SpringApplicationBuilder.run(SpringApplicationBuilder.java:149)
	at com.alibaba.nacos.bootstrap.NacosBootstrap.startCoreContext(NacosBootstrap.java:96)
	at com.alibaba.nacos.bootstrap.NacosBootstrap.startWithConsole(NacosBootstrap.java:84)
	at com.alibaba.nacos.bootstrap.NacosBootstrap.main(NacosBootstrap.java:54)
	at java.base/jdk.internal.reflect.NativeMethodAccessorImpl.invoke0(Native Method)
	at java.base/jdk.internal.reflect.NativeMethodAccessorImpl.invoke(NativeMethodAccessorImpl.java:77)
	at java.base/jdk.internal.reflect.DelegatingMethodAccessorImpl.invoke(DelegatingMethodAccessorImpl.java:43)
	at java.base/java.lang.reflect.Method.invoke(Method.java:569)
	at org.springframework.boot.loader.launch.Launcher.launch(Launcher.java:102)
	at org.springframework.boot.loader.launch.Launcher.launch(Launcher.java:64)
	at org.springframework.boot.loader.launch.PropertiesLauncher.main(PropertiesLauncher.java:580)
2025-11-12 10:58:48,060 ERROR An error occurred while executing method [configInfoConflictCount].
 Parameters: [nacos_namespace_migrate].

java.lang.IllegalStateException: No DataSource set
	at org.springframework.util.Assert.state(Assert.java:79)
	at org.springframework.jdbc.support.JdbcAccessor.obtainDataSource(JdbcAccessor.java:78)
	at org.springframework.jdbc.core.JdbcTemplate.execute(JdbcTemplate.java:653)
	at org.springframework.jdbc.core.JdbcTemplate.query(JdbcTemplate.java:723)
	at org.springframework.jdbc.core.JdbcTemplate.query(JdbcTemplate.java:754)
	at org.springframework.jdbc.core.JdbcTemplate.query(JdbcTemplate.java:767)
	at org.springframework.jdbc.core.JdbcTemplate.queryForObject(JdbcTemplate.java:889)
	at org.springframework.jdbc.core.JdbcTemplate.queryForObject(JdbcTemplate.java:912)
	at com.alibaba.nacos.config.server.service.repository.extrnal.ExternalConfigMigratePersistServiceImpl.configInfoConflictCount(ExternalConfigMigratePersistServiceImpl.java:117)
	at java.base/jdk.internal.reflect.NativeMethodAccessorImpl.invoke0(Native Method)
	at java.base/jdk.internal.reflect.NativeMethodAccessorImpl.invoke(NativeMethodAccessorImpl.java:77)
	at java.base/jdk.internal.reflect.DelegatingMethodAccessorImpl.invoke(DelegatingMethodAccessorImpl.java:43)
	at java.base/java.lang.reflect.Method.invoke(Method.java:569)
	at org.springframework.aop.support.AopUtils.invokeJoinpointUsingReflection(AopUtils.java:359)
	at org.springframework.aop.framework.ReflectiveMethodInvocation.invokeJoinpoint(ReflectiveMethodInvocation.java:196)
	at org.springframework.aop.framework.ReflectiveMethodInvocation.proceed(ReflectiveMethodInvocation.java:163)
	at org.springframework.aop.aspectj.AspectJAfterThrowingAdvice.invoke(AspectJAfterThrowingAdvice.java:64)
	at org.springframework.aop.framework.ReflectiveMethodInvocation.proceed(ReflectiveMethodInvocation.java:184)
	at org.springframework.aop.interceptor.ExposeInvocationInterceptor.invoke(ExposeInvocationInterceptor.java:97)
	at org.springframework.aop.framework.ReflectiveMethodInvocation.proceed(ReflectiveMethodInvocation.java:184)
	at org.springframework.aop.framework.CglibAopProxy$DynamicAdvisedInterceptor.intercept(CglibAopProxy.java:727)
	at com.alibaba.nacos.config.server.service.repository.extrnal.ExternalConfigMigratePersistServiceImpl$$SpringCGLIB$$0.configInfoConflictCount(<generated>)
	at com.alibaba.nacos.config.server.service.ConfigMigrateService.namespaceMigratePreCheck(ConfigMigrateService.java:750)
	at com.alibaba.nacos.config.server.service.ConfigMigrateService.doCheckNamespaceMigrate(ConfigMigrateService.java:519)
	at com.alibaba.nacos.config.server.service.ConfigMigrateService.migrate(ConfigMigrateService.java:158)
	at java.base/jdk.internal.reflect.NativeMethodAccessorImpl.invoke0(Native Method)
	at java.base/jdk.internal.reflect.NativeMethodAccessorImpl.invoke(NativeMethodAccessorImpl.java:77)
	at java.base/jdk.internal.reflect.DelegatingMethodAccessorImpl.invoke(DelegatingMethodAccessorImpl.java:43)
	at java.base/java.lang.reflect.Method.invoke(Method.java:569)
	at org.springframework.beans.factory.annotation.InitDestroyAnnotationBeanPostProcessor$LifecycleMethod.invoke(InitDestroyAnnotationBeanPostProcessor.java:457)
	at org.springframework.beans.factory.annotation.InitDestroyAnnotationBeanPostProcessor$LifecycleMetadata.invokeInitMethods(InitDestroyAnnotationBeanPostProcessor.java:401)
	at org.springframework.beans.factory.annotation.InitDestroyAnnotationBeanPostProcessor.postProcessBeforeInitialization(InitDestroyAnnotationBeanPostProcessor.java:219)
	at org.springframework.beans.factory.support.AbstractAutowireCapableBeanFactory.applyBeanPostProcessorsBeforeInitialization(AbstractAutowireCapableBeanFactory.java:423)
	at org.springframework.beans.factory.support.AbstractAutowireCapableBeanFactory.initializeBean(AbstractAutowireCapableBeanFactory.java:1804)
	at org.springframework.beans.factory.support.AbstractAutowireCapableBeanFactory.doCreateBean(AbstractAutowireCapableBeanFactory.java:601)
	at org.springframework.beans.factory.support.AbstractAutowireCapableBeanFactory.createBean(AbstractAutowireCapableBeanFactory.java:523)
	at org.springframework.beans.factory.support.AbstractBeanFactory.lambda$doGetBean$0(AbstractBeanFactory.java:339)
	at org.springframework.beans.factory.support.DefaultSingletonBeanRegistry.getSingleton(DefaultSingletonBeanRegistry.java:347)
	at org.springframework.beans.factory.support.AbstractBeanFactory.doGetBean(AbstractBeanFactory.java:337)
	at org.springframework.beans.factory.support.AbstractBeanFactory.getBean(AbstractBeanFactory.java:202)
	at org.springframework.beans.factory.support.AbstractBeanFactory.doGetBean(AbstractBeanFactory.java:315)
	at org.springframework.beans.factory.support.AbstractBeanFactory.getBean(AbstractBeanFactory.java:202)
	at org.springframework.beans.factory.config.DependencyDescriptor.resolveCandidate(DependencyDescriptor.java:254)
	at org.springframework.beans.factory.support.DefaultListableBeanFactory.doResolveDependency(DefaultListableBeanFactory.java:1667)
	at org.springframework.beans.factory.support.DefaultListableBeanFactory.resolveDependency(DefaultListableBeanFactory.java:1555)
	at org.springframework.beans.factory.support.ConstructorResolver.resolveAutowiredArgument(ConstructorResolver.java:913)
	at org.springframework.beans.factory.support.ConstructorResolver.createArgumentArray(ConstructorResolver.java:791)
	at org.springframework.beans.factory.support.ConstructorResolver.autowireConstructor(ConstructorResolver.java:240)
	at org.springframework.beans.factory.support.AbstractAutowireCapableBeanFactory.autowireConstructor(AbstractAutowireCapableBeanFactory.java:1381)
	at org.springframework.beans.factory.support.AbstractAutowireCapableBeanFactory.createBeanInstance(AbstractAutowireCapableBeanFactory.java:1218)
	at org.springframework.beans.factory.support.AbstractAutowireCapableBeanFactory.doCreateBean(AbstractAutowireCapableBeanFactory.java:563)
	at org.springframework.beans.factory.support.AbstractAutowireCapableBeanFactory.createBean(AbstractAutowireCapableBeanFactory.java:523)
	at org.springframework.beans.factory.support.AbstractBeanFactory.lambda$doGetBean$0(AbstractBeanFactory.java:339)
	at org.springframework.beans.factory.support.DefaultSingletonBeanRegistry.getSingleton(DefaultSingletonBeanRegistry.java:347)
	at org.springframework.beans.factory.support.AbstractBeanFactory.doGetBean(AbstractBeanFactory.java:337)
	at org.springframework.beans.factory.support.AbstractBeanFactory.getBean(AbstractBeanFactory.java:202)
	at org.springframework.beans.factory.support.DefaultListableBeanFactory.instantiateSingleton(DefaultListableBeanFactory.java:1155)
	at org.springframework.beans.factory.support.DefaultListableBeanFactory.preInstantiateSingleton(DefaultListableBeanFactory.java:1121)
	at org.springframework.beans.factory.support.DefaultListableBeanFactory.preInstantiateSingletons(DefaultListableBeanFactory.java:1056)
	at org.springframework.context.support.AbstractApplicationContext.finishBeanFactoryInitialization(AbstractApplicationContext.java:987)
	at org.springframework.context.support.AbstractApplicationContext.refresh(AbstractApplicationContext.java:627)
	at org.springframework.boot.SpringApplication.refresh(SpringApplication.java:752)
	at org.springframework.boot.SpringApplication.refreshContext(SpringApplication.java:439)
	at org.springframework.boot.SpringApplication.run(SpringApplication.java:318)
	at org.springframework.boot.builder.SpringApplicationBuilder.run(SpringApplicationBuilder.java:149)
	at com.alibaba.nacos.bootstrap.NacosBootstrap.startCoreContext(NacosBootstrap.java:96)
	at com.alibaba.nacos.bootstrap.NacosBootstrap.startWithConsole(NacosBootstrap.java:84)
	at com.alibaba.nacos.bootstrap.NacosBootstrap.main(NacosBootstrap.java:54)
	at java.base/jdk.internal.reflect.NativeMethodAccessorImpl.invoke0(Native Method)
	at java.base/jdk.internal.reflect.NativeMethodAccessorImpl.invoke(NativeMethodAccessorImpl.java:77)
	at java.base/jdk.internal.reflect.DelegatingMethodAccessorImpl.invoke(DelegatingMethodAccessorImpl.java:43)
	at java.base/java.lang.reflect.Method.invoke(Method.java:569)
	at org.springframework.boot.loader.launch.Launcher.launch(Launcher.java:102)
	at org.springframework.boot.loader.launch.Launcher.launch(Launcher.java:64)
	at org.springframework.boot.loader.launch.PropertiesLauncher.main(PropertiesLauncher.java:580)
2025-11-12 10:59:15,380 INFO notifyConnectTimeout:100

2025-11-12 10:59:15,398 INFO notifySocketTimeout:200

2025-11-12 10:59:15,418 INFO isHealthCheck:true

2025-11-12 10:59:15,419 INFO maxHealthCheckFailCount:12

2025-11-12 10:59:15,421 INFO maxContent:10485760

2025-11-12 11:00:10,494 INFO notifyConnectTimeout:100

2025-11-12 11:00:10,508 INFO notifySocketTimeout:200

2025-11-12 11:00:10,518 INFO isHealthCheck:true

2025-11-12 11:00:10,522 INFO maxHealthCheckFailCount:12

2025-11-12 11:00:10,526 INFO maxContent:10485760

2025-11-12 11:00:24,645 INFO All dump page size is set to 100 according to mem limit 1024 MB

2025-11-12 11:00:24,655 WARN DumpService start

2025-11-12 11:00:24,658 INFO start clear all config-info.

2025-11-12 11:00:24,662 INFO clear all config-info success.

2025-11-12 11:00:24,663 INFO clear all config-info-tenant success.

2025-11-12 11:00:24,670 INFO start dump all config-info...

2025-11-12 11:00:24,671 INFO success to  dump all config-info。

2025-11-12 11:00:24,672 INFO start to clear all gray-config-info on startup.

2025-11-12 11:00:24,673 INFO clear all config-info-gray success.

2025-11-12 11:00:24,675 INFO clear all config-info-gray-tenant success.

2025-11-12 11:02:05,232 INFO notifyConnectTimeout:100

2025-11-12 11:02:05,278 INFO notifySocketTimeout:200

2025-11-12 11:02:05,280 INFO isHealthCheck:true

2025-11-12 11:02:05,280 INFO maxHealthCheckFailCount:12

2025-11-12 11:02:05,280 INFO maxContent:10485760

2025-11-12 11:02:33,190 INFO All dump page size is set to 100 according to mem limit 1024 MB

2025-11-12 11:02:33,206 WARN DumpService start

2025-11-12 11:02:33,214 INFO start clear all config-info.

2025-11-12 11:02:33,216 INFO clear all config-info success.

2025-11-12 11:02:33,218 INFO clear all config-info-tenant success.

2025-11-12 11:02:33,226 INFO start dump all config-info...

2025-11-12 11:02:33,227 INFO success to  dump all config-info。

2025-11-12 11:02:33,227 INFO start to clear all gray-config-info on startup.

2025-11-12 11:02:33,227 INFO clear all config-info-gray success.

2025-11-12 11:02:33,227 INFO clear all config-info-gray-tenant success.

2025-11-12 11:03:12,902 INFO notifyConnectTimeout:100

2025-11-12 11:03:12,911 INFO notifySocketTimeout:200

2025-11-12 11:03:12,916 INFO isHealthCheck:true

2025-11-12 11:03:12,925 INFO maxHealthCheckFailCount:12

2025-11-12 11:03:12,934 INFO maxContent:10485760

2025-11-12 11:03:46,308 INFO All dump page size is set to 100 according to mem limit 1024 MB

2025-11-12 11:03:46,340 WARN DumpService start

2025-11-12 11:03:46,369 INFO start clear all config-info.

2025-11-12 11:03:46,464 INFO clear all config-info success.

2025-11-12 11:03:46,473 INFO clear all config-info-tenant success.

2025-11-12 11:03:46,502 INFO start dump all config-info...

2025-11-12 11:03:46,507 INFO success to  dump all config-info。

2025-11-12 11:03:46,512 INFO start to clear all gray-config-info on startup.

2025-11-12 11:03:46,514 INFO clear all config-info-gray success.

2025-11-12 11:03:46,522 INFO clear all config-info-gray-tenant success.

2025-11-12 11:04:39,910 INFO notifyConnectTimeout:100

2025-11-12 11:04:39,919 INFO notifySocketTimeout:200

2025-11-12 11:04:39,920 INFO isHealthCheck:true

2025-11-12 11:04:39,921 INFO maxHealthCheckFailCount:12

2025-11-12 11:04:39,921 INFO maxContent:10485760

2025-11-12 11:05:09,404 INFO notifyConnectTimeout:100

2025-11-12 11:05:09,406 INFO notifySocketTimeout:200

2025-11-12 11:05:09,408 INFO isHealthCheck:true

2025-11-12 11:05:09,411 INFO maxHealthCheckFailCount:12

2025-11-12 11:05:09,411 INFO maxContent:10485760

2025-11-12 11:07:55,774 INFO notifyConnectTimeout:100

2025-11-12 11:07:55,823 INFO notifySocketTimeout:200

2025-11-12 11:07:55,936 INFO isHealthCheck:true

2025-11-12 11:07:55,937 INFO maxHealthCheckFailCount:12

2025-11-12 11:07:55,938 INFO maxContent:10485760

2025-11-12 11:08:54,669 INFO All dump page size is set to 100 according to mem limit 1024 MB

2025-11-12 11:08:54,701 WARN DumpService start

2025-11-12 11:08:54,716 INFO start clear all config-info.

2025-11-12 11:08:54,747 INFO clear all config-info success.

2025-11-12 11:08:54,762 INFO clear all config-info-tenant success.

2025-11-12 11:08:54,785 INFO start dump all config-info...

2025-11-12 11:08:54,792 INFO success to  dump all config-info。

2025-11-12 11:08:54,798 INFO start to clear all gray-config-info on startup.

2025-11-12 11:08:54,806 INFO clear all config-info-gray success.

2025-11-12 11:08:54,808 INFO clear all config-info-gray-tenant success.

2025-11-12 11:10:36,833 INFO notifyConnectTimeout:100

2025-11-12 11:10:36,860 INFO notifySocketTimeout:200

2025-11-12 11:10:36,872 INFO isHealthCheck:true

2025-11-12 11:10:36,891 INFO maxHealthCheckFailCount:12

2025-11-12 11:10:36,893 INFO maxContent:10485760

2025-11-12 11:12:01,543 INFO All dump page size is set to 100 according to mem limit 1024 MB

2025-11-12 11:12:01,689 WARN DumpService start

2025-11-12 11:12:01,697 INFO start clear all config-info.

2025-11-12 11:12:01,707 INFO clear all config-info success.

2025-11-12 11:12:01,708 INFO clear all config-info-tenant success.

2025-11-12 11:12:01,721 INFO start dump all config-info...

2025-11-12 11:12:01,736 INFO success to  dump all config-info。

2025-11-12 11:12:01,740 INFO start to clear all gray-config-info on startup.

2025-11-12 11:12:01,744 INFO clear all config-info-gray success.

2025-11-12 11:12:01,745 INFO clear all config-info-gray-tenant success.

2025-11-12 11:14:22,426 INFO notifyConnectTimeout:100

2025-11-12 11:14:22,451 INFO notifySocketTimeout:200

2025-11-12 11:14:22,455 INFO isHealthCheck:true

2025-11-12 11:14:22,461 INFO maxHealthCheckFailCount:12

2025-11-12 11:14:22,466 INFO maxContent:10485760

2025-11-12 11:16:11,985 INFO All dump page size is set to 100 according to mem limit 1024 MB

2025-11-12 11:16:12,077 WARN DumpService start

2025-11-12 11:16:12,095 INFO start clear all config-info.

2025-11-12 11:16:12,136 INFO clear all config-info success.

2025-11-12 11:16:12,142 INFO clear all config-info-tenant success.

2025-11-12 11:16:12,169 INFO start dump all config-info...

2025-11-12 11:16:12,174 INFO success to  dump all config-info。

2025-11-12 11:16:12,179 INFO start to clear all gray-config-info on startup.

2025-11-12 11:16:12,193 INFO clear all config-info-gray success.

2025-11-12 11:16:12,196 INFO clear all config-info-gray-tenant success.

2025-11-12 11:20:43,774 INFO notifyConnectTimeout:100

2025-11-12 11:20:43,857 INFO notifySocketTimeout:200

2025-11-12 11:20:43,859 INFO isHealthCheck:true

2025-11-12 11:20:43,892 INFO maxHealthCheckFailCount:12

2025-11-12 11:20:43,903 INFO maxContent:10485760

2025-11-12 11:21:27,207 INFO All dump page size is set to 100 according to mem limit 1024 MB

2025-11-12 11:21:27,319 WARN DumpService start

2025-11-12 11:21:27,375 INFO start clear all config-info.

2025-11-12 11:21:27,385 INFO clear all config-info success.

2025-11-12 11:21:27,387 INFO clear all config-info-tenant success.

2025-11-12 11:21:27,402 INFO start dump all config-info...

2025-11-12 11:21:27,403 INFO success to  dump all config-info。

2025-11-12 11:21:27,406 INFO start to clear all gray-config-info on startup.

2025-11-12 11:21:27,414 INFO clear all config-info-gray success.

2025-11-12 11:21:27,416 INFO clear all config-info-gray-tenant success.

2025-11-12 11:22:02,728 INFO notifyConnectTimeout:100

2025-11-12 11:22:02,832 INFO notifySocketTimeout:200

2025-11-12 11:22:02,836 INFO isHealthCheck:true

2025-11-12 11:22:02,838 INFO maxHealthCheckFailCount:12

2025-11-12 11:22:02,838 INFO maxContent:10485760

2025-11-12 11:22:26,740 INFO notifyConnectTimeout:100

2025-11-12 11:22:26,767 INFO notifySocketTimeout:200

2025-11-12 11:22:26,768 INFO isHealthCheck:true

2025-11-12 11:22:26,769 INFO maxHealthCheckFailCount:12

2025-11-12 11:22:26,772 INFO maxContent:10485760

2025-11-12 11:22:48,942 INFO All dump page size is set to 100 according to mem limit 1024 MB

2025-11-12 11:22:48,954 WARN DumpService start

2025-11-12 11:22:48,960 INFO start clear all config-info.

2025-11-12 11:22:48,963 INFO clear all config-info success.

2025-11-12 11:22:48,993 INFO clear all config-info-tenant success.

2025-11-12 11:22:49,053 INFO start dump all config-info...

2025-11-12 11:22:49,057 INFO success to  dump all config-info。

2025-11-12 11:22:49,057 INFO start to clear all gray-config-info on startup.

2025-11-12 11:22:49,057 INFO clear all config-info-gray success.

2025-11-12 11:22:49,062 INFO clear all config-info-gray-tenant success.

2025-11-12 11:25:04,082 INFO notifyConnectTimeout:100

2025-11-12 11:25:04,144 INFO notifySocketTimeout:200

2025-11-12 11:25:04,146 INFO isHealthCheck:true

2025-11-12 11:25:04,171 INFO maxHealthCheckFailCount:12

2025-11-12 11:25:04,173 INFO maxContent:10485760

2025-11-12 11:26:25,682 INFO notifyConnectTimeout:100

2025-11-12 11:26:25,723 INFO notifySocketTimeout:200

2025-11-12 11:26:25,724 INFO isHealthCheck:true

2025-11-12 11:26:25,731 INFO maxHealthCheckFailCount:12

2025-11-12 11:26:25,736 INFO maxContent:10485760

2025-11-12 11:26:51,411 INFO All dump page size is set to 100 according to mem limit 1024 MB

2025-11-12 11:26:51,451 WARN DumpService start

2025-11-12 11:26:51,456 INFO start clear all config-info.

2025-11-12 11:26:51,494 INFO clear all config-info success.

2025-11-12 11:26:51,495 INFO clear all config-info-tenant success.

2025-11-12 11:26:51,546 INFO start dump all config-info...

2025-11-12 11:26:51,547 INFO success to  dump all config-info。

2025-11-12 11:26:51,553 INFO start to clear all gray-config-info on startup.

2025-11-12 11:26:51,554 INFO clear all config-info-gray success.

2025-11-12 11:26:51,557 INFO clear all config-info-gray-tenant success.

2025-11-12 11:27:06,068 INFO notifyConnectTimeout:100

2025-11-12 11:27:06,084 INFO notifySocketTimeout:200

2025-11-12 11:27:06,086 INFO isHealthCheck:true

2025-11-12 11:27:06,097 INFO maxHealthCheckFailCount:12

2025-11-12 11:27:06,103 INFO maxContent:10485760

2025-11-12 11:27:33,647 INFO notifyConnectTimeout:100

2025-11-12 11:27:33,680 INFO notifySocketTimeout:200

2025-11-12 11:27:33,682 INFO isHealthCheck:true

2025-11-12 11:27:33,687 INFO maxHealthCheckFailCount:12

2025-11-12 11:27:33,694 INFO maxContent:10485760

2025-11-12 11:28:16,498 INFO All dump page size is set to 100 according to mem limit 1024 MB

2025-11-12 11:28:16,519 WARN DumpService start

2025-11-12 11:28:16,520 INFO start clear all config-info.

2025-11-12 11:28:16,525 INFO clear all config-info success.

2025-11-12 11:28:16,530 INFO clear all config-info-tenant success.

2025-11-12 11:28:16,536 INFO start dump all config-info...

2025-11-12 11:28:16,538 INFO success to  dump all config-info。

2025-11-12 11:28:16,540 INFO start to clear all gray-config-info on startup.

2025-11-12 11:28:16,543 INFO clear all config-info-gray success.

2025-11-12 11:28:16,544 INFO clear all config-info-gray-tenant success.

2025-11-12 11:29:06,406 INFO notifyConnectTimeout:100

2025-11-12 11:29:06,425 INFO notifySocketTimeout:200

2025-11-12 11:29:06,426 INFO isHealthCheck:true

2025-11-12 11:29:06,433 INFO maxHealthCheckFailCount:12

2025-11-12 11:29:06,438 INFO maxContent:10485760

2025-11-12 11:29:25,041 INFO notifyConnectTimeout:100

2025-11-12 11:29:25,043 INFO notifySocketTimeout:200

2025-11-12 11:29:25,045 INFO isHealthCheck:true

2025-11-12 11:29:25,046 INFO maxHealthCheckFailCount:12

2025-11-12 11:29:25,046 INFO maxContent:10485760

2025-11-12 11:33:45,290 INFO notifyConnectTimeout:100

2025-11-12 11:33:45,363 INFO notifySocketTimeout:200

2025-11-12 11:33:45,366 INFO isHealthCheck:true

2025-11-12 11:33:45,378 INFO maxHealthCheckFailCount:12

2025-11-12 11:33:45,382 INFO maxContent:10485760

2025-11-12 11:38:23,342 INFO notifyConnectTimeout:100

2025-11-12 11:38:23,383 INFO notifySocketTimeout:200

2025-11-12 11:38:23,387 INFO isHealthCheck:true

2025-11-12 11:38:23,393 INFO maxHealthCheckFailCount:12

2025-11-12 11:38:23,398 INFO maxContent:10485760

2025-11-12 11:40:07,730 INFO notifyConnectTimeout:100

2025-11-12 11:40:07,773 INFO notifySocketTimeout:200

2025-11-12 11:40:07,775 INFO isHealthCheck:true

2025-11-12 11:40:07,783 INFO maxHealthCheckFailCount:12

2025-11-12 11:40:07,784 INFO maxContent:10485760

2025-11-12 11:40:52,495 INFO notifyConnectTimeout:100

2025-11-12 11:40:52,681 INFO notifySocketTimeout:200

2025-11-12 11:40:52,701 INFO isHealthCheck:true

2025-11-12 11:40:52,716 INFO maxHealthCheckFailCount:12

2025-11-12 11:40:52,723 INFO maxContent:10485760

2025-11-12 11:41:27,722 INFO notifyConnectTimeout:100

2025-11-12 11:41:27,740 INFO notifySocketTimeout:200

2025-11-12 11:41:27,745 INFO isHealthCheck:true

2025-11-12 11:41:27,748 INFO maxHealthCheckFailCount:12

2025-11-12 11:41:27,752 INFO maxContent:10485760

2025-11-12 11:42:02,491 INFO notifyConnectTimeout:100

2025-11-12 11:42:02,511 INFO notifySocketTimeout:200

2025-11-12 11:42:02,518 INFO isHealthCheck:true

2025-11-12 11:42:02,532 INFO maxHealthCheckFailCount:12

2025-11-12 11:42:02,535 INFO maxContent:10485760

2025-11-12 11:42:56,205 INFO notifyConnectTimeout:100

2025-11-12 11:42:56,217 INFO notifySocketTimeout:200

2025-11-12 11:42:56,239 INFO isHealthCheck:true

2025-11-12 11:42:56,273 INFO maxHealthCheckFailCount:12

2025-11-12 11:42:56,283 INFO maxContent:10485760

2025-11-12 11:43:54,674 INFO All dump page size is set to 100 according to mem limit 1024 MB

2025-11-12 11:43:54,691 WARN DumpService start

2025-11-12 11:43:54,695 INFO start clear all config-info.

2025-11-12 11:43:54,708 INFO clear all config-info success.

2025-11-12 11:43:54,723 INFO clear all config-info-tenant success.

2025-11-12 11:43:54,800 INFO start dump all config-info...

2025-11-12 11:43:54,839 INFO success to  dump all config-info。

2025-11-12 11:43:54,859 INFO start to clear all gray-config-info on startup.

2025-11-12 11:43:54,861 INFO clear all config-info-gray success.

2025-11-12 11:43:54,863 INFO clear all config-info-gray-tenant success.

2025-11-12 11:44:35,187 INFO notifyConnectTimeout:100

2025-11-12 11:44:35,257 INFO notifySocketTimeout:200

2025-11-12 11:44:35,267 INFO isHealthCheck:true

2025-11-12 11:44:35,272 INFO maxHealthCheckFailCount:12

2025-11-12 11:44:35,276 INFO maxContent:10485760

2025-11-12 11:45:41,913 INFO notifyConnectTimeout:100

2025-11-12 11:45:41,927 INFO notifySocketTimeout:200

2025-11-12 11:45:41,929 INFO isHealthCheck:true

2025-11-12 11:45:41,933 INFO maxHealthCheckFailCount:12

2025-11-12 11:45:41,938 INFO maxContent:10485760

2025-11-12 11:46:32,339 INFO notifyConnectTimeout:100

2025-11-12 11:46:32,347 INFO notifySocketTimeout:200

2025-11-12 11:46:32,352 INFO isHealthCheck:true

2025-11-12 11:46:32,353 INFO maxHealthCheckFailCount:12

2025-11-12 11:46:32,353 INFO maxContent:10485760

2025-11-12 11:47:40,988 INFO notifyConnectTimeout:100

2025-11-12 11:47:41,000 INFO notifySocketTimeout:200

2025-11-12 11:47:41,004 INFO isHealthCheck:true

2025-11-12 11:47:41,007 INFO maxHealthCheckFailCount:12

2025-11-12 11:47:41,012 INFO maxContent:10485760

2025-11-12 11:48:32,261 INFO All dump page size is set to 100 according to mem limit 1024 MB

2025-11-12 11:48:32,288 WARN DumpService start

2025-11-12 11:48:32,290 INFO start clear all config-info.

2025-11-12 11:48:32,293 INFO clear all config-info success.

2025-11-12 11:48:32,294 INFO clear all config-info-tenant success.

2025-11-12 11:48:32,397 INFO start dump all config-info...

2025-11-12 11:48:32,397 INFO success to  dump all config-info。

2025-11-12 11:48:32,405 INFO start to clear all gray-config-info on startup.

2025-11-12 11:48:32,407 INFO clear all config-info-gray success.

2025-11-12 11:48:32,410 INFO clear all config-info-gray-tenant success.

2025-11-12 11:49:08,418 INFO notifyConnectTimeout:100

2025-11-12 11:49:08,423 INFO notifySocketTimeout:200

2025-11-12 11:49:08,424 INFO isHealthCheck:true

2025-11-12 11:49:08,424 INFO maxHealthCheckFailCount:12

2025-11-12 11:49:08,424 INFO maxContent:10485760

2025-11-12 11:49:31,320 INFO notifyConnectTimeout:100

2025-11-12 11:49:31,331 INFO notifySocketTimeout:200

2025-11-12 11:49:31,333 INFO isHealthCheck:true

2025-11-12 11:49:31,338 INFO maxHealthCheckFailCount:12

2025-11-12 11:49:31,339 INFO maxContent:10485760

2025-11-12 11:49:54,497 INFO notifyConnectTimeout:100

2025-11-12 11:49:54,536 INFO notifySocketTimeout:200

2025-11-12 11:49:54,540 INFO isHealthCheck:true

2025-11-12 11:49:54,545 INFO maxHealthCheckFailCount:12

2025-11-12 11:49:54,546 INFO maxContent:10485760

2025-11-12 11:50:18,540 INFO notifyConnectTimeout:100

2025-11-12 11:50:18,553 INFO notifySocketTimeout:200

2025-11-12 11:50:18,553 INFO isHealthCheck:true

2025-11-12 11:50:18,555 INFO maxHealthCheckFailCount:12

2025-11-12 11:50:18,555 INFO maxContent:10485760

2025-11-12 11:51:29,372 INFO notifyConnectTimeout:100

2025-11-12 11:51:29,386 INFO notifySocketTimeout:200

2025-11-12 11:51:29,387 INFO isHealthCheck:true

2025-11-12 11:51:29,387 INFO maxHealthCheckFailCount:12

2025-11-12 11:51:29,389 INFO maxContent:10485760

2025-11-12 11:52:21,042 INFO notifyConnectTimeout:100

2025-11-12 11:52:21,115 INFO notifySocketTimeout:200

2025-11-12 11:52:21,132 INFO isHealthCheck:true

2025-11-12 11:52:21,132 INFO maxHealthCheckFailCount:12

2025-11-12 11:52:21,132 INFO maxContent:10485760

2025-11-12 11:53:59,694 INFO notifyConnectTimeout:100

2025-11-12 11:53:59,701 INFO notifySocketTimeout:200

2025-11-12 11:53:59,704 INFO isHealthCheck:true

2025-11-12 11:53:59,705 INFO maxHealthCheckFailCount:12

2025-11-12 11:53:59,715 INFO maxContent:10485760

2025-11-12 11:54:22,223 INFO notifyConnectTimeout:100

2025-11-12 11:54:22,242 INFO notifySocketTimeout:200

2025-11-12 11:54:22,245 INFO isHealthCheck:true

2025-11-12 11:54:22,252 INFO maxHealthCheckFailCount:12

2025-11-12 11:54:22,255 INFO maxContent:10485760

2025-11-12 11:54:58,277 INFO notifyConnectTimeout:100

2025-11-12 11:54:58,314 INFO notifySocketTimeout:200

2025-11-12 11:54:58,315 INFO isHealthCheck:true

2025-11-12 11:54:58,323 INFO maxHealthCheckFailCount:12

2025-11-12 11:54:58,326 INFO maxContent:10485760

2025-11-12 11:56:12,513 INFO notifyConnectTimeout:100

2025-11-12 11:56:12,520 INFO notifySocketTimeout:200

2025-11-12 11:56:12,530 INFO isHealthCheck:true

2025-11-12 11:56:12,533 INFO maxHealthCheckFailCount:12

2025-11-12 11:56:12,534 INFO maxContent:10485760

2025-11-12 11:56:49,037 INFO notifyConnectTimeout:100

2025-11-12 11:56:49,055 INFO notifySocketTimeout:200

2025-11-12 11:56:49,060 INFO isHealthCheck:true

2025-11-12 11:56:49,060 INFO maxHealthCheckFailCount:12

2025-11-12 11:56:49,063 INFO maxContent:10485760

2025-11-12 11:57:06,682 INFO notifyConnectTimeout:100

2025-11-12 11:57:06,698 INFO notifySocketTimeout:200

2025-11-12 11:57:06,699 INFO isHealthCheck:true

2025-11-12 11:57:06,699 INFO maxHealthCheckFailCount:12

2025-11-12 11:57:06,699 INFO maxContent:10485760

2025-11-12 11:57:21,885 INFO notifyConnectTimeout:100

2025-11-12 11:57:21,896 INFO notifySocketTimeout:200

2025-11-12 11:57:21,896 INFO isHealthCheck:true

2025-11-12 11:57:21,896 INFO maxHealthCheckFailCount:12

2025-11-12 11:57:21,896 INFO maxContent:10485760

2025-11-12 11:57:40,429 INFO All dump page size is set to 100 according to mem limit 1024 MB

2025-11-12 11:57:40,440 WARN DumpService start

2025-11-12 11:57:40,441 INFO start clear all config-info.

2025-11-12 11:57:40,443 INFO clear all config-info success.

2025-11-12 11:57:40,452 INFO clear all config-info-tenant success.

2025-11-12 11:57:40,457 INFO start dump all config-info...

2025-11-12 11:57:40,459 INFO success to  dump all config-info。

2025-11-12 11:57:40,461 INFO start to clear all gray-config-info on startup.

2025-11-12 11:57:40,464 INFO clear all config-info-gray success.

2025-11-12 11:57:40,468 INFO clear all config-info-gray-tenant success.

2025-11-12 11:58:03,430 INFO notifyConnectTimeout:100

2025-11-12 11:58:03,443 INFO notifySocketTimeout:200

2025-11-12 11:58:03,444 INFO isHealthCheck:true

2025-11-12 11:58:03,445 INFO maxHealthCheckFailCount:12

2025-11-12 11:58:03,449 INFO maxContent:10485760

2025-11-12 11:58:22,447 INFO notifyConnectTimeout:100

2025-11-12 11:58:22,455 INFO notifySocketTimeout:200

2025-11-12 11:58:22,460 INFO isHealthCheck:true

2025-11-12 11:58:22,467 INFO maxHealthCheckFailCount:12

2025-11-12 11:58:22,469 INFO maxContent:10485760

2025-11-12 11:58:38,682 INFO notifyConnectTimeout:100

2025-11-12 11:58:38,700 INFO notifySocketTimeout:200

2025-11-12 11:58:38,702 INFO isHealthCheck:true

2025-11-12 11:58:38,704 INFO maxHealthCheckFailCount:12

2025-11-12 11:58:38,707 INFO maxContent:10485760

2025-11-12 11:58:52,928 INFO All dump page size is set to 100 according to mem limit 1024 MB

2025-11-12 11:58:52,958 WARN DumpService start

2025-11-12 11:58:52,959 INFO start clear all config-info.

2025-11-12 11:58:52,963 INFO clear all config-info success.

2025-11-12 11:58:52,964 INFO clear all config-info-tenant success.

2025-11-12 11:58:52,970 INFO start dump all config-info...

2025-11-12 11:58:52,973 INFO success to  dump all config-info。

2025-11-12 11:58:52,974 INFO start to clear all gray-config-info on startup.

2025-11-12 11:58:52,974 INFO clear all config-info-gray success.

2025-11-12 11:58:52,974 INFO clear all config-info-gray-tenant success.

2025-11-12 12:00:03,738 INFO notifyConnectTimeout:100

2025-11-12 12:00:03,744 INFO notifySocketTimeout:200

2025-11-12 12:00:03,755 INFO isHealthCheck:true

2025-11-12 12:00:03,763 INFO maxHealthCheckFailCount:12

2025-11-12 12:00:03,770 INFO maxContent:10485760

2025-11-12 12:00:21,094 INFO notifyConnectTimeout:100

2025-11-12 12:00:21,120 INFO notifySocketTimeout:200

2025-11-12 12:00:21,123 INFO isHealthCheck:true

2025-11-12 12:00:21,133 INFO maxHealthCheckFailCount:12

2025-11-12 12:00:21,138 INFO maxContent:10485760

2025-11-12 12:00:54,676 INFO notifyConnectTimeout:100

2025-11-12 12:00:54,693 INFO notifySocketTimeout:200

2025-11-12 12:00:54,694 INFO isHealthCheck:true

2025-11-12 12:00:54,695 INFO maxHealthCheckFailCount:12

2025-11-12 12:00:54,700 INFO maxContent:10485760

2025-11-12 12:01:12,634 INFO notifyConnectTimeout:100

2025-11-12 12:01:12,637 INFO notifySocketTimeout:200

2025-11-12 12:01:12,645 INFO isHealthCheck:true

2025-11-12 12:01:12,647 INFO maxHealthCheckFailCount:12

2025-11-12 12:01:12,648 INFO maxContent:10485760

2025-11-12 12:02:08,548 INFO notifyConnectTimeout:100

2025-11-12 12:02:08,564 INFO notifySocketTimeout:200

2025-11-12 12:02:08,570 INFO isHealthCheck:true

2025-11-12 12:02:08,573 INFO maxHealthCheckFailCount:12

2025-11-12 12:02:08,575 INFO maxContent:10485760

2025-11-12 12:02:25,993 INFO notifyConnectTimeout:100

2025-11-12 12:02:26,002 INFO notifySocketTimeout:200

2025-11-12 12:02:26,004 INFO isHealthCheck:true

2025-11-12 12:02:26,005 INFO maxHealthCheckFailCount:12

2025-11-12 12:02:26,010 INFO maxContent:10485760

2025-11-12 12:02:42,210 INFO notifyConnectTimeout:100

2025-11-12 12:02:42,221 INFO notifySocketTimeout:200

2025-11-12 12:02:42,222 INFO isHealthCheck:true

2025-11-12 12:02:42,239 INFO maxHealthCheckFailCount:12

2025-11-12 12:02:42,246 INFO maxContent:10485760

2025-11-12 12:02:57,180 INFO notifyConnectTimeout:100

2025-11-12 12:02:57,286 INFO notifySocketTimeout:200

2025-11-12 12:02:57,288 INFO isHealthCheck:true

2025-11-12 12:02:57,289 INFO maxHealthCheckFailCount:12

2025-11-12 12:02:57,301 INFO maxContent:10485760

2025-11-12 12:03:19,203 INFO notifyConnectTimeout:100

2025-11-12 12:03:19,217 INFO notifySocketTimeout:200

2025-11-12 12:03:19,221 INFO isHealthCheck:true

2025-11-12 12:03:19,221 INFO maxHealthCheckFailCount:12

2025-11-12 12:03:19,222 INFO maxContent:10485760

2025-11-12 12:03:34,280 INFO All dump page size is set to 100 according to mem limit 1024 MB

2025-11-12 12:03:34,599 WARN DumpService start

2025-11-12 12:03:34,606 INFO start clear all config-info.

2025-11-12 12:03:34,741 INFO clear all config-info success.

2025-11-12 12:03:34,742 INFO clear all config-info-tenant success.

2025-11-12 12:03:35,271 INFO start dump all config-info...

2025-11-12 12:03:35,277 INFO success to  dump all config-info。

2025-11-12 12:03:35,316 INFO start to clear all gray-config-info on startup.

2025-11-12 12:03:35,398 INFO clear all config-info-gray success.

2025-11-12 12:03:35,409 INFO clear all config-info-gray-tenant success.

2025-11-12 12:03:54,292 INFO notifyConnectTimeout:100

2025-11-12 12:03:54,305 INFO notifySocketTimeout:200

2025-11-12 12:03:54,306 INFO isHealthCheck:true

2025-11-12 12:03:54,309 INFO maxHealthCheckFailCount:12

2025-11-12 12:03:54,309 INFO maxContent:10485760

2025-11-12 12:04:32,814 INFO notifyConnectTimeout:100

2025-11-12 12:04:32,840 INFO notifySocketTimeout:200

2025-11-12 12:04:32,847 INFO isHealthCheck:true

2025-11-12 12:04:32,850 INFO maxHealthCheckFailCount:12

2025-11-12 12:04:32,856 INFO maxContent:10485760

2025-11-12 12:04:45,727 INFO notifyConnectTimeout:100

2025-11-12 12:04:45,742 INFO notifySocketTimeout:200

2025-11-12 12:04:45,750 INFO isHealthCheck:true

2025-11-12 12:04:45,757 INFO maxHealthCheckFailCount:12

2025-11-12 12:04:45,759 INFO maxContent:10485760

2025-11-12 12:05:13,134 INFO notifyConnectTimeout:100

2025-11-12 12:05:13,152 INFO notifySocketTimeout:200

2025-11-12 12:05:13,153 INFO isHealthCheck:true

2025-11-12 12:05:13,153 INFO maxHealthCheckFailCount:12

2025-11-12 12:05:13,153 INFO maxContent:10485760

2025-11-12 12:05:35,216 INFO notifyConnectTimeout:100

2025-11-12 12:05:35,220 INFO notifySocketTimeout:200

2025-11-12 12:05:35,221 INFO isHealthCheck:true

2025-11-12 12:05:35,221 INFO maxHealthCheckFailCount:12

2025-11-12 12:05:35,221 INFO maxContent:10485760

2025-11-12 12:05:56,042 INFO notifyConnectTimeout:100

2025-11-12 12:05:56,070 INFO notifySocketTimeout:200

2025-11-12 12:05:56,094 INFO isHealthCheck:true

2025-11-12 12:05:56,119 INFO maxHealthCheckFailCount:12

2025-11-12 12:05:56,139 INFO maxContent:10485760

2025-11-12 12:06:19,032 INFO notifyConnectTimeout:100

2025-11-12 12:06:19,042 INFO notifySocketTimeout:200

2025-11-12 12:06:19,042 INFO isHealthCheck:true

2025-11-12 12:06:19,043 INFO maxHealthCheckFailCount:12

2025-11-12 12:06:19,043 INFO maxContent:10485760

2025-11-12 12:06:40,887 INFO notifyConnectTimeout:100

2025-11-12 12:06:40,901 INFO notifySocketTimeout:200

2025-11-12 12:06:40,908 INFO isHealthCheck:true

2025-11-12 12:06:40,910 INFO maxHealthCheckFailCount:12

2025-11-12 12:06:40,913 INFO maxContent:10485760

2025-11-12 12:07:19,724 INFO notifyConnectTimeout:100

2025-11-12 12:07:19,731 INFO notifySocketTimeout:200

2025-11-12 12:07:19,739 INFO isHealthCheck:true

2025-11-12 12:07:19,741 INFO maxHealthCheckFailCount:12

2025-11-12 12:07:19,743 INFO maxContent:10485760

2025-11-12 12:07:37,915 INFO notifyConnectTimeout:100

2025-11-12 12:07:37,944 INFO notifySocketTimeout:200

2025-11-12 12:07:37,946 INFO isHealthCheck:true

2025-11-12 12:07:37,947 INFO maxHealthCheckFailCount:12

2025-11-12 12:07:37,948 INFO maxContent:10485760

2025-11-12 12:08:54,612 INFO notifyConnectTimeout:100

2025-11-12 12:08:54,626 INFO notifySocketTimeout:200

2025-11-12 12:08:54,632 INFO isHealthCheck:true

2025-11-12 12:08:54,633 INFO maxHealthCheckFailCount:12

2025-11-12 12:08:54,633 INFO maxContent:10485760

2025-11-12 12:09:34,719 INFO notifyConnectTimeout:100

2025-11-12 12:09:34,728 INFO notifySocketTimeout:200

2025-11-12 12:09:34,765 INFO isHealthCheck:true

2025-11-12 12:09:34,852 INFO maxHealthCheckFailCount:12

2025-11-12 12:09:34,858 INFO maxContent:10485760

2025-11-12 12:10:04,701 INFO All dump page size is set to 100 according to mem limit 1024 MB

2025-11-12 12:10:04,739 WARN DumpService start

2025-11-12 12:10:04,748 INFO start clear all config-info.

2025-11-12 12:10:04,763 INFO clear all config-info success.

2025-11-12 12:10:04,766 INFO clear all config-info-tenant success.

2025-11-12 12:10:05,725 INFO start dump all config-info...

2025-11-12 12:10:05,793 INFO success to  dump all config-info。

2025-11-12 12:10:05,858 INFO start to clear all gray-config-info on startup.

2025-11-12 12:10:05,859 INFO clear all config-info-gray success.

2025-11-12 12:10:05,866 INFO clear all config-info-gray-tenant success.

2025-11-12 12:14:23,271 INFO notifyConnectTimeout:100

2025-11-12 12:14:23,344 INFO notifySocketTimeout:200

2025-11-12 12:14:23,357 INFO isHealthCheck:true

2025-11-12 12:14:23,360 INFO maxHealthCheckFailCount:12

2025-11-12 12:14:23,369 INFO maxContent:10485760

2025-11-12 12:15:32,917 INFO notifyConnectTimeout:100

2025-11-12 12:15:33,088 INFO notifySocketTimeout:200

2025-11-12 12:15:33,097 INFO isHealthCheck:true

2025-11-12 12:15:33,099 INFO maxHealthCheckFailCount:12

2025-11-12 12:15:33,103 INFO maxContent:10485760

2025-11-12 12:19:14,708 ERROR An error occurred while executing method [configInfoConflictCount].
 Parameters: [nacos_namespace_migrate].

org.springframework.dao.RecoverableDataAccessException: PreparedStatementCallback; SQL [SELECT COUNT(*) AS count FROM config_info ci1 WHERE ci1.tenant_id = 'public' AND (ci1.src_user <> ? OR ci1.src_user IS NULL)  AND EXISTS (SELECT 1 FROM config_info ci2 WHERE ci2.data_id = ci1.data_id AND ci2.group_id = ci1.group_id AND ci2.md5 <> ci1.md5 AND ci2.tenant_id = '' AND (ci2.src_user <> ? OR ci2.src_user IS NULL))]; Communications link failure

The last packet successfully received from the server was 4,776 milliseconds ago. The last packet sent successfully to the server was 5,332 milliseconds ago.
	at org.springframework.jdbc.support.SQLExceptionSubclassTranslator.doTranslate(SQLExceptionSubclassTranslator.java:110)
	at org.springframework.jdbc.support.AbstractFallbackSQLExceptionTranslator.translate(AbstractFallbackSQLExceptionTranslator.java:107)
	at org.springframework.jdbc.core.JdbcTemplate.translateException(JdbcTemplate.java:1556)
	at org.springframework.jdbc.core.JdbcTemplate.execute(JdbcTemplate.java:677)
	at org.springframework.jdbc.core.JdbcTemplate.query(JdbcTemplate.java:723)
	at org.springframework.jdbc.core.JdbcTemplate.query(JdbcTemplate.java:754)
	at org.springframework.jdbc.core.JdbcTemplate.query(JdbcTemplate.java:767)
	at org.springframework.jdbc.core.JdbcTemplate.queryForObject(JdbcTemplate.java:889)
	at org.springframework.jdbc.core.JdbcTemplate.queryForObject(JdbcTemplate.java:912)
	at com.alibaba.nacos.config.server.service.repository.extrnal.ExternalConfigMigratePersistServiceImpl.configInfoConflictCount(ExternalConfigMigratePersistServiceImpl.java:117)
	at java.base/jdk.internal.reflect.NativeMethodAccessorImpl.invoke0(Native Method)
	at java.base/jdk.internal.reflect.NativeMethodAccessorImpl.invoke(NativeMethodAccessorImpl.java:77)
	at java.base/jdk.internal.reflect.DelegatingMethodAccessorImpl.invoke(DelegatingMethodAccessorImpl.java:43)
	at java.base/java.lang.reflect.Method.invoke(Method.java:569)
	at org.springframework.aop.support.AopUtils.invokeJoinpointUsingReflection(AopUtils.java:359)
	at org.springframework.aop.framework.ReflectiveMethodInvocation.invokeJoinpoint(ReflectiveMethodInvocation.java:196)
	at org.springframework.aop.framework.ReflectiveMethodInvocation.proceed(ReflectiveMethodInvocation.java:163)
	at org.springframework.aop.aspectj.AspectJAfterThrowingAdvice.invoke(AspectJAfterThrowingAdvice.java:64)
	at org.springframework.aop.framework.ReflectiveMethodInvocation.proceed(ReflectiveMethodInvocation.java:184)
	at org.springframework.aop.interceptor.ExposeInvocationInterceptor.invoke(ExposeInvocationInterceptor.java:97)
	at org.springframework.aop.framework.ReflectiveMethodInvocation.proceed(ReflectiveMethodInvocation.java:184)
	at org.springframework.aop.framework.CglibAopProxy$DynamicAdvisedInterceptor.intercept(CglibAopProxy.java:727)
	at com.alibaba.nacos.config.server.service.repository.extrnal.ExternalConfigMigratePersistServiceImpl$$SpringCGLIB$$0.configInfoConflictCount(<generated>)
	at com.alibaba.nacos.config.server.service.ConfigMigrateService.namespaceMigratePreCheck(ConfigMigrateService.java:750)
	at com.alibaba.nacos.config.server.service.ConfigMigrateService.doCheckNamespaceMigrate(ConfigMigrateService.java:519)
	at com.alibaba.nacos.config.server.service.ConfigMigrateService.migrate(ConfigMigrateService.java:158)
	at java.base/jdk.internal.reflect.NativeMethodAccessorImpl.invoke0(Native Method)
	at java.base/jdk.internal.reflect.NativeMethodAccessorImpl.invoke(NativeMethodAccessorImpl.java:77)
	at java.base/jdk.internal.reflect.DelegatingMethodAccessorImpl.invoke(DelegatingMethodAccessorImpl.java:43)
	at java.base/java.lang.reflect.Method.invoke(Method.java:569)
	at org.springframework.beans.factory.annotation.InitDestroyAnnotationBeanPostProcessor$LifecycleMethod.invoke(InitDestroyAnnotationBeanPostProcessor.java:457)
	at org.springframework.beans.factory.annotation.InitDestroyAnnotationBeanPostProcessor$LifecycleMetadata.invokeInitMethods(InitDestroyAnnotationBeanPostProcessor.java:401)
	at org.springframework.beans.factory.annotation.InitDestroyAnnotationBeanPostProcessor.postProcessBeforeInitialization(InitDestroyAnnotationBeanPostProcessor.java:219)
	at org.springframework.beans.factory.support.AbstractAutowireCapableBeanFactory.applyBeanPostProcessorsBeforeInitialization(AbstractAutowireCapableBeanFactory.java:423)
	at org.springframework.beans.factory.support.AbstractAutowireCapableBeanFactory.initializeBean(AbstractAutowireCapableBeanFactory.java:1804)
	at org.springframework.beans.factory.support.AbstractAutowireCapableBeanFactory.doCreateBean(AbstractAutowireCapableBeanFactory.java:601)
	at org.springframework.beans.factory.support.AbstractAutowireCapableBeanFactory.createBean(AbstractAutowireCapableBeanFactory.java:523)
	at org.springframework.beans.factory.support.AbstractBeanFactory.lambda$doGetBean$0(AbstractBeanFactory.java:339)
	at org.springframework.beans.factory.support.DefaultSingletonBeanRegistry.getSingleton(DefaultSingletonBeanRegistry.java:347)
	at org.springframework.beans.factory.support.AbstractBeanFactory.doGetBean(AbstractBeanFactory.java:337)
	at org.springframework.beans.factory.support.AbstractBeanFactory.getBean(AbstractBeanFactory.java:202)
	at org.springframework.beans.factory.support.AbstractBeanFactory.doGetBean(AbstractBeanFactory.java:315)
	at org.springframework.beans.factory.support.AbstractBeanFactory.getBean(AbstractBeanFactory.java:202)
	at org.springframework.beans.factory.config.DependencyDescriptor.resolveCandidate(DependencyDescriptor.java:254)
	at org.springframework.beans.factory.support.DefaultListableBeanFactory.doResolveDependency(DefaultListableBeanFactory.java:1667)
	at org.springframework.beans.factory.support.DefaultListableBeanFactory.resolveDependency(DefaultListableBeanFactory.java:1555)
	at org.springframework.beans.factory.support.ConstructorResolver.resolveAutowiredArgument(ConstructorResolver.java:913)
	at org.springframework.beans.factory.support.ConstructorResolver.createArgumentArray(ConstructorResolver.java:791)
	at org.springframework.beans.factory.support.ConstructorResolver.autowireConstructor(ConstructorResolver.java:240)
	at org.springframework.beans.factory.support.AbstractAutowireCapableBeanFactory.autowireConstructor(AbstractAutowireCapableBeanFactory.java:1381)
	at org.springframework.beans.factory.support.AbstractAutowireCapableBeanFactory.createBeanInstance(AbstractAutowireCapableBeanFactory.java:1218)
	at org.springframework.beans.factory.support.AbstractAutowireCapableBeanFactory.doCreateBean(AbstractAutowireCapableBeanFactory.java:563)
	at org.springframework.beans.factory.support.AbstractAutowireCapableBeanFactory.createBean(AbstractAutowireCapableBeanFactory.java:523)
	at org.springframework.beans.factory.support.AbstractBeanFactory.lambda$doGetBean$0(AbstractBeanFactory.java:339)
	at org.springframework.beans.factory.support.DefaultSingletonBeanRegistry.getSingleton(DefaultSingletonBeanRegistry.java:347)
	at org.springframework.beans.factory.support.AbstractBeanFactory.doGetBean(AbstractBeanFactory.java:337)
	at org.springframework.beans.factory.support.AbstractBeanFactory.getBean(AbstractBeanFactory.java:202)
	at org.springframework.beans.factory.support.DefaultListableBeanFactory.instantiateSingleton(DefaultListableBeanFactory.java:1155)
	at org.springframework.beans.factory.support.DefaultListableBeanFactory.preInstantiateSingleton(DefaultListableBeanFactory.java:1121)
	at org.springframework.beans.factory.support.DefaultListableBeanFactory.preInstantiateSingletons(DefaultListableBeanFactory.java:1056)
	at org.springframework.context.support.AbstractApplicationContext.finishBeanFactoryInitialization(AbstractApplicationContext.java:987)
	at org.springframework.context.support.AbstractApplicationContext.refresh(AbstractApplicationContext.java:627)
	at org.springframework.boot.SpringApplication.refresh(SpringApplication.java:752)
	at org.springframework.boot.SpringApplication.refreshContext(SpringApplication.java:439)
	at org.springframework.boot.SpringApplication.run(SpringApplication.java:318)
	at org.springframework.boot.builder.SpringApplicationBuilder.run(SpringApplicationBuilder.java:149)
	at com.alibaba.nacos.bootstrap.NacosBootstrap.startCoreContext(NacosBootstrap.java:96)
	at com.alibaba.nacos.bootstrap.NacosBootstrap.startWithConsole(NacosBootstrap.java:84)
	at com.alibaba.nacos.bootstrap.NacosBootstrap.main(NacosBootstrap.java:54)
	at java.base/jdk.internal.reflect.NativeMethodAccessorImpl.invoke0(Native Method)
	at java.base/jdk.internal.reflect.NativeMethodAccessorImpl.invoke(NativeMethodAccessorImpl.java:77)
	at java.base/jdk.internal.reflect.DelegatingMethodAccessorImpl.invoke(DelegatingMethodAccessorImpl.java:43)
	at java.base/java.lang.reflect.Method.invoke(Method.java:569)
	at org.springframework.boot.loader.launch.Launcher.launch(Launcher.java:102)
	at org.springframework.boot.loader.launch.Launcher.launch(Launcher.java:64)
	at org.springframework.boot.loader.launch.PropertiesLauncher.main(PropertiesLauncher.java:580)
Caused by: com.mysql.cj.jdbc.exceptions.CommunicationsException: Communications link failure

The last packet successfully received from the server was 4,776 milliseconds ago. The last packet sent successfully to the server was 5,332 milliseconds ago.
	at com.mysql.cj.jdbc.exceptions.SQLError.createCommunicationsException(SQLError.java:174)
	at com.mysql.cj.jdbc.exceptions.SQLExceptionsMapping.translateException(SQLExceptionsMapping.java:64)
	at com.mysql.cj.jdbc.ClientPreparedStatement.executeInternal(ClientPreparedStatement.java:912)
	at com.mysql.cj.jdbc.ClientPreparedStatement.executeQuery(ClientPreparedStatement.java:968)
	at com.zaxxer.hikari.pool.ProxyPreparedStatement.executeQuery(ProxyPreparedStatement.java:52)
	at com.zaxxer.hikari.pool.HikariProxyPreparedStatement.executeQuery(HikariProxyPreparedStatement.java)
	at org.springframework.jdbc.core.JdbcTemplate$1.doInPreparedStatement(JdbcTemplate.java:732)
	at org.springframework.jdbc.core.JdbcTemplate.execute(JdbcTemplate.java:658)
	... 72 common frames omitted
Caused by: com.mysql.cj.exceptions.CJCommunicationsException: Communications link failure

The last packet successfully received from the server was 4,776 milliseconds ago. The last packet sent successfully to the server was 5,332 milliseconds ago.
	at java.base/jdk.internal.reflect.NativeConstructorAccessorImpl.newInstance0(Native Method)
	at java.base/jdk.internal.reflect.NativeConstructorAccessorImpl.newInstance(NativeConstructorAccessorImpl.java:77)
	at java.base/jdk.internal.reflect.DelegatingConstructorAccessorImpl.newInstance(DelegatingConstructorAccessorImpl.java:45)
	at java.base/java.lang.reflect.Constructor.newInstanceWithCaller(Constructor.java:500)
	at java.base/java.lang.reflect.Constructor.newInstance(Constructor.java:481)
	at com.mysql.cj.exceptions.ExceptionFactory.createException(ExceptionFactory.java:61)
	at com.mysql.cj.exceptions.ExceptionFactory.createException(ExceptionFactory.java:104)
	at com.mysql.cj.exceptions.ExceptionFactory.createException(ExceptionFactory.java:149)
	at com.mysql.cj.exceptions.ExceptionFactory.createCommunicationsException(ExceptionFactory.java:165)
	at com.mysql.cj.protocol.a.NativeProtocol.readMessage(NativeProtocol.java:582)
	at com.mysql.cj.protocol.a.NativeProtocol.checkErrorMessage(NativeProtocol.java:762)
	at com.mysql.cj.protocol.a.NativeProtocol.sendCommand(NativeProtocol.java:701)
	at com.mysql.cj.protocol.a.NativeProtocol.sendQueryPacket(NativeProtocol.java:1050)
	at com.mysql.cj.NativeSession.execSQL(NativeSession.java:660)
	at com.mysql.cj.jdbc.ClientPreparedStatement.executeInternal(ClientPreparedStatement.java:889)
	... 77 common frames omitted
Caused by: java.net.SocketTimeoutException: Read timed out
	at java.base/sun.nio.ch.NioSocketImpl.timedRead(NioSocketImpl.java:288)
	at java.base/sun.nio.ch.NioSocketImpl.implRead(NioSocketImpl.java:314)
	at java.base/sun.nio.ch.NioSocketImpl.read(NioSocketImpl.java:355)
	at java.base/sun.nio.ch.NioSocketImpl$1.read(NioSocketImpl.java:808)
	at java.base/java.net.Socket$SocketInputStream.read(Socket.java:966)
	at com.mysql.cj.protocol.ReadAheadInputStream.fill(ReadAheadInputStream.java:107)
	at com.mysql.cj.protocol.ReadAheadInputStream.readFromUnderlyingStreamIfNecessary(ReadAheadInputStream.java:150)
	at com.mysql.cj.protocol.ReadAheadInputStream.read(ReadAheadInputStream.java:180)
	at java.base/java.io.FilterInputStream.read(FilterInputStream.java:132)
	at com.mysql.cj.protocol.FullReadInputStream.readFully(FullReadInputStream.java:64)
	at com.mysql.cj.protocol.a.SimplePacketReader.readHeaderLocal(SimplePacketReader.java:81)
	at com.mysql.cj.protocol.a.SimplePacketReader.readHeader(SimplePacketReader.java:63)
	at com.mysql.cj.protocol.a.SimplePacketReader.readHeader(SimplePacketReader.java:45)
	at com.mysql.cj.protocol.a.TimeTrackingPacketReader.readHeader(TimeTrackingPacketReader.java:52)
	at com.mysql.cj.protocol.a.TimeTrackingPacketReader.readHeader(TimeTrackingPacketReader.java:41)
	at com.mysql.cj.protocol.a.MultiPacketReader.readHeader(MultiPacketReader.java:54)
	at com.mysql.cj.protocol.a.MultiPacketReader.readHeader(MultiPacketReader.java:44)
	at com.mysql.cj.protocol.a.NativeProtocol.readMessage(NativeProtocol.java:576)
	... 82 common frames omitted
2025-11-12 12:19:41,554 INFO notifyConnectTimeout:100

2025-11-12 12:19:41,568 INFO notifySocketTimeout:200

2025-11-12 12:19:41,569 INFO isHealthCheck:true

2025-11-12 12:19:41,569 INFO maxHealthCheckFailCount:12

2025-11-12 12:19:41,569 INFO maxContent:10485760

2025-11-12 12:20:22,821 INFO notifyConnectTimeout:100

2025-11-12 12:20:22,826 INFO notifySocketTimeout:200

2025-11-12 12:20:22,828 INFO isHealthCheck:true

2025-11-12 12:20:22,829 INFO maxHealthCheckFailCount:12

2025-11-12 12:20:22,846 INFO maxContent:10485760

2025-11-12 12:21:06,499 INFO notifyConnectTimeout:100

2025-11-12 12:21:06,510 INFO notifySocketTimeout:200

2025-11-12 12:21:06,511 INFO isHealthCheck:true

2025-11-12 12:21:06,542 INFO maxHealthCheckFailCount:12

2025-11-12 12:21:06,634 INFO maxContent:10485760

2025-11-12 12:22:02,670 INFO notifyConnectTimeout:100

2025-11-12 12:22:02,704 INFO notifySocketTimeout:200

2025-11-12 12:22:02,769 INFO isHealthCheck:true

2025-11-12 12:22:02,825 INFO maxHealthCheckFailCount:12

2025-11-12 12:22:02,827 INFO maxContent:10485760

2025-11-12 12:22:45,038 INFO notifyConnectTimeout:100

2025-11-12 12:22:45,049 INFO notifySocketTimeout:200

2025-11-12 12:22:45,050 INFO isHealthCheck:true

2025-11-12 12:22:45,051 INFO maxHealthCheckFailCount:12

2025-11-12 12:22:45,051 INFO maxContent:10485760

2025-11-12 12:25:16,636 INFO notifyConnectTimeout:100

2025-11-12 12:25:16,696 INFO notifySocketTimeout:200

2025-11-12 12:25:16,728 INFO isHealthCheck:true

2025-11-12 12:25:16,737 INFO maxHealthCheckFailCount:12

2025-11-12 12:25:16,738 INFO maxContent:10485760

2025-11-12 12:27:40,879 INFO notifyConnectTimeout:100

2025-11-12 12:27:40,891 INFO notifySocketTimeout:200

2025-11-12 12:27:40,892 INFO isHealthCheck:true

2025-11-12 12:27:40,893 INFO maxHealthCheckFailCount:12

2025-11-12 12:27:40,893 INFO maxContent:10485760

2025-11-12 12:29:30,744 INFO notifyConnectTimeout:100

2025-11-12 12:29:30,759 INFO notifySocketTimeout:200

2025-11-12 12:29:30,787 INFO isHealthCheck:true

2025-11-12 12:29:30,802 INFO maxHealthCheckFailCount:12

2025-11-12 12:29:30,829 INFO maxContent:10485760

2025-11-12 12:31:09,649 INFO notifyConnectTimeout:100

2025-11-12 12:31:09,700 INFO notifySocketTimeout:200

2025-11-12 12:31:09,710 INFO isHealthCheck:true

2025-11-12 12:31:09,712 INFO maxHealthCheckFailCount:12

2025-11-12 12:31:09,734 INFO maxContent:10485760

2025-11-12 12:31:32,304 INFO notifyConnectTimeout:100

2025-11-12 12:31:32,337 INFO notifySocketTimeout:200

2025-11-12 12:31:32,349 INFO isHealthCheck:true

2025-11-12 12:31:32,351 INFO maxHealthCheckFailCount:12

2025-11-12 12:31:32,352 INFO maxContent:10485760

2025-11-12 12:33:54,867 INFO notifyConnectTimeout:100

2025-11-12 12:33:54,899 INFO notifySocketTimeout:200

2025-11-12 12:33:54,899 INFO isHealthCheck:true

2025-11-12 12:33:54,903 INFO maxHealthCheckFailCount:12

2025-11-12 12:33:54,905 INFO maxContent:10485760

2025-11-12 12:34:45,143 INFO notifyConnectTimeout:100

2025-11-12 12:34:45,156 INFO notifySocketTimeout:200

2025-11-12 12:34:45,172 INFO isHealthCheck:true

2025-11-12 12:34:45,186 INFO maxHealthCheckFailCount:12

2025-11-12 12:34:45,192 INFO maxContent:10485760

2025-11-12 12:37:07,796 INFO notifyConnectTimeout:100

2025-11-12 12:37:07,810 INFO notifySocketTimeout:200

2025-11-12 12:37:07,810 INFO isHealthCheck:true

2025-11-12 12:37:07,812 INFO maxHealthCheckFailCount:12

2025-11-12 12:37:07,813 INFO maxContent:10485760

2025-11-12 12:37:56,109 INFO notifyConnectTimeout:100

2025-11-12 12:37:56,113 INFO notifySocketTimeout:200

2025-11-12 12:37:56,114 INFO isHealthCheck:true

2025-11-12 12:37:56,118 INFO maxHealthCheckFailCount:12

2025-11-12 12:37:56,118 INFO maxContent:10485760

2025-11-12 12:38:26,375 INFO All dump page size is set to 100 according to mem limit 1024 MB

2025-11-12 12:38:26,660 WARN DumpService start

2025-11-12 12:38:26,686 INFO start clear all config-info.

2025-11-12 12:38:26,755 INFO clear all config-info success.

2025-11-12 12:38:26,755 INFO clear all config-info-tenant success.

2025-11-12 12:38:27,111 INFO start dump all config-info...

2025-11-12 12:38:27,111 INFO success to  dump all config-info。

2025-11-12 12:38:27,114 INFO start to clear all gray-config-info on startup.

2025-11-12 12:38:27,115 INFO clear all config-info-gray success.

2025-11-12 12:38:27,116 INFO clear all config-info-gray-tenant success.

2025-11-12 12:43:13,271 INFO notifyConnectTimeout:100

2025-11-12 12:43:13,274 INFO notifySocketTimeout:200

2025-11-12 12:43:13,274 INFO isHealthCheck:true

2025-11-12 12:43:13,275 INFO maxHealthCheckFailCount:12

2025-11-12 12:43:13,275 INFO maxContent:10485760

2025-11-12 12:43:55,357 INFO notifyConnectTimeout:100

2025-11-12 12:43:55,377 INFO notifySocketTimeout:200

2025-11-12 12:43:55,384 INFO isHealthCheck:true

2025-11-12 12:43:55,393 INFO maxHealthCheckFailCount:12

2025-11-12 12:43:55,397 INFO maxContent:10485760

2025-11-12 12:44:24,280 INFO notifyConnectTimeout:100

2025-11-12 12:44:24,290 INFO notifySocketTimeout:200

2025-11-12 12:44:24,290 INFO isHealthCheck:true

2025-11-12 12:44:24,292 INFO maxHealthCheckFailCount:12

2025-11-12 12:44:24,293 INFO maxContent:10485760

2025-11-12 12:44:46,417 INFO notifyConnectTimeout:100

2025-11-12 12:44:46,431 INFO notifySocketTimeout:200

2025-11-12 12:44:46,431 INFO isHealthCheck:true

2025-11-12 12:44:46,433 INFO maxHealthCheckFailCount:12

2025-11-12 12:44:46,436 INFO maxContent:10485760

2025-11-12 12:45:42,665 INFO notifyConnectTimeout:100

2025-11-12 12:45:42,673 INFO notifySocketTimeout:200

2025-11-12 12:45:42,674 INFO isHealthCheck:true

2025-11-12 12:45:42,691 INFO maxHealthCheckFailCount:12

2025-11-12 12:45:42,698 INFO maxContent:10485760

2025-11-12 12:46:15,448 INFO notifyConnectTimeout:100

2025-11-12 12:46:15,469 INFO notifySocketTimeout:200

2025-11-12 12:46:15,477 INFO isHealthCheck:true

2025-11-12 12:46:15,488 INFO maxHealthCheckFailCount:12

2025-11-12 12:46:15,489 INFO maxContent:10485760

2025-11-12 12:47:34,110 INFO notifyConnectTimeout:100

2025-11-12 12:47:34,117 INFO notifySocketTimeout:200

2025-11-12 12:47:34,123 INFO isHealthCheck:true

2025-11-12 12:47:34,125 INFO maxHealthCheckFailCount:12

2025-11-12 12:47:34,127 INFO maxContent:10485760

2025-11-12 12:48:12,749 INFO All dump page size is set to 100 according to mem limit 1024 MB

2025-11-12 12:49:01,087 INFO notifyConnectTimeout:100

2025-11-12 12:49:01,096 INFO notifySocketTimeout:200

2025-11-12 12:49:01,096 INFO isHealthCheck:true

2025-11-12 12:49:01,097 INFO maxHealthCheckFailCount:12

2025-11-12 12:49:01,097 INFO maxContent:10485760

2025-11-12 12:49:19,376 INFO notifyConnectTimeout:100

2025-11-12 12:49:19,403 INFO notifySocketTimeout:200

2025-11-12 12:49:19,416 INFO isHealthCheck:true

2025-11-12 12:49:19,425 INFO maxHealthCheckFailCount:12

2025-11-12 12:49:19,432 INFO maxContent:10485760

2025-11-12 12:50:08,270 INFO notifyConnectTimeout:100

2025-11-12 12:50:08,276 INFO notifySocketTimeout:200

2025-11-12 12:50:08,277 INFO isHealthCheck:true

2025-11-12 12:50:08,277 INFO maxHealthCheckFailCount:12

2025-11-12 12:50:08,277 INFO maxContent:10485760

2025-11-12 12:50:28,574 INFO All dump page size is set to 100 according to mem limit 1024 MB

2025-11-12 12:50:28,756 WARN DumpService start

2025-11-12 12:50:28,760 INFO start clear all config-info.

2025-11-12 12:50:28,823 INFO clear all config-info success.

2025-11-12 12:50:28,826 INFO clear all config-info-tenant success.

2025-11-12 12:50:29,035 INFO start dump all config-info...

2025-11-12 12:50:29,036 INFO success to  dump all config-info。

2025-11-12 12:50:29,037 INFO start to clear all gray-config-info on startup.

2025-11-12 12:50:29,043 INFO clear all config-info-gray success.

2025-11-12 12:50:29,044 INFO clear all config-info-gray-tenant success.

2025-11-12 12:51:21,382 INFO notifyConnectTimeout:100

2025-11-12 12:51:21,406 INFO notifySocketTimeout:200

2025-11-12 12:51:21,406 INFO isHealthCheck:true

2025-11-12 12:51:21,408 INFO maxHealthCheckFailCount:12

2025-11-12 12:51:21,408 INFO maxContent:10485760

2025-11-12 12:51:49,078 INFO notifyConnectTimeout:100

2025-11-12 12:51:49,104 INFO notifySocketTimeout:200

2025-11-12 12:51:49,105 INFO isHealthCheck:true

2025-11-12 12:51:49,105 INFO maxHealthCheckFailCount:12

2025-11-12 12:51:49,106 INFO maxContent:10485760

2025-11-12 12:53:14,113 INFO notifyConnectTimeout:100

2025-11-12 12:53:14,150 INFO notifySocketTimeout:200

2025-11-12 12:53:14,152 INFO isHealthCheck:true

2025-11-12 12:53:14,153 INFO maxHealthCheckFailCount:12

2025-11-12 12:53:14,154 INFO maxContent:10485760

2025-11-12 13:13:31,481 INFO notifyConnectTimeout:100

2025-11-12 13:13:31,492 INFO notifySocketTimeout:200

2025-11-12 13:13:31,504 INFO isHealthCheck:true

2025-11-12 13:13:31,509 INFO maxHealthCheckFailCount:12

2025-11-12 13:13:31,515 INFO maxContent:10485760

2025-11-12 13:14:48,771 INFO notifyConnectTimeout:100

2025-11-12 13:14:48,791 INFO notifySocketTimeout:200

2025-11-12 13:14:48,796 INFO isHealthCheck:true

2025-11-12 13:14:48,796 INFO maxHealthCheckFailCount:12

2025-11-12 13:14:48,797 INFO maxContent:10485760

2025-11-12 13:15:16,787 INFO notifyConnectTimeout:100

2025-11-12 13:15:16,813 INFO notifySocketTimeout:200

2025-11-12 13:15:16,858 INFO isHealthCheck:true

2025-11-12 13:15:16,862 INFO maxHealthCheckFailCount:12

2025-11-12 13:15:16,872 INFO maxContent:10485760

2025-11-12 13:15:55,381 INFO All dump page size is set to 100 according to mem limit 1024 MB

2025-11-12 13:15:55,628 WARN DumpService start

2025-11-12 13:15:55,667 INFO start clear all config-info.

2025-11-12 13:15:55,766 INFO clear all config-info success.

2025-11-12 13:15:55,768 INFO clear all config-info-tenant success.

2025-11-12 13:15:55,992 INFO start dump all config-info...

2025-11-12 13:15:55,993 INFO success to  dump all config-info。

2025-11-12 13:15:56,025 INFO start to clear all gray-config-info on startup.

2025-11-12 13:15:56,041 INFO clear all config-info-gray success.

2025-11-12 13:15:56,054 INFO clear all config-info-gray-tenant success.

2025-11-12 13:16:24,514 INFO notifyConnectTimeout:100

2025-11-12 13:16:24,532 INFO notifySocketTimeout:200

2025-11-12 13:16:24,535 INFO isHealthCheck:true

2025-11-12 13:16:24,536 INFO maxHealthCheckFailCount:12

2025-11-12 13:16:24,537 INFO maxContent:10485760

2025-11-12 13:16:52,829 INFO notifyConnectTimeout:100

2025-11-12 13:16:52,834 INFO notifySocketTimeout:200

2025-11-12 13:16:52,835 INFO isHealthCheck:true

2025-11-12 13:16:52,835 INFO maxHealthCheckFailCount:12

2025-11-12 13:16:52,835 INFO maxContent:10485760

2025-11-12 13:17:40,362 INFO notifyConnectTimeout:100

2025-11-12 13:17:40,377 INFO notifySocketTimeout:200

2025-11-12 13:17:40,380 INFO isHealthCheck:true

2025-11-12 13:17:40,383 INFO maxHealthCheckFailCount:12

2025-11-12 13:17:40,386 INFO maxContent:10485760

2025-11-12 13:18:26,640 INFO notifyConnectTimeout:100

2025-11-12 13:18:26,646 INFO notifySocketTimeout:200

2025-11-12 13:18:26,647 INFO isHealthCheck:true

2025-11-12 13:18:26,653 INFO maxHealthCheckFailCount:12

2025-11-12 13:18:26,653 INFO maxContent:10485760

2025-11-12 13:19:22,657 INFO notifyConnectTimeout:100

2025-11-12 13:19:22,669 INFO notifySocketTimeout:200

2025-11-12 13:19:22,670 INFO isHealthCheck:true

2025-11-12 13:19:22,670 INFO maxHealthCheckFailCount:12

2025-11-12 13:19:22,673 INFO maxContent:10485760

2025-11-12 13:19:45,895 INFO notifyConnectTimeout:100

2025-11-12 13:19:45,900 INFO notifySocketTimeout:200

2025-11-12 13:19:45,900 INFO isHealthCheck:true

2025-11-12 13:19:45,901 INFO maxHealthCheckFailCount:12

2025-11-12 13:19:45,901 INFO maxContent:10485760

2025-11-12 13:20:39,719 INFO notifyConnectTimeout:100

2025-11-12 13:20:39,743 INFO notifySocketTimeout:200

2025-11-12 13:20:39,746 INFO isHealthCheck:true

2025-11-12 13:20:39,747 INFO maxHealthCheckFailCount:12

2025-11-12 13:20:39,749 INFO maxContent:10485760

2025-11-12 13:22:48,293 INFO notifyConnectTimeout:100

2025-11-12 13:22:48,305 INFO notifySocketTimeout:200

2025-11-12 13:22:48,306 INFO isHealthCheck:true

2025-11-12 13:22:48,306 INFO maxHealthCheckFailCount:12

2025-11-12 13:22:48,306 INFO maxContent:10485760

2025-11-12 13:23:19,491 INFO notifyConnectTimeout:100

2025-11-12 13:23:19,512 INFO notifySocketTimeout:200

2025-11-12 13:23:19,521 INFO isHealthCheck:true

2025-11-12 13:23:19,527 INFO maxHealthCheckFailCount:12

2025-11-12 13:23:19,532 INFO maxContent:10485760

2025-11-12 13:24:51,502 INFO notifyConnectTimeout:100

2025-11-12 13:24:51,510 INFO notifySocketTimeout:200

2025-11-12 13:24:51,526 INFO isHealthCheck:true

2025-11-12 13:24:51,533 INFO maxHealthCheckFailCount:12

2025-11-12 13:24:51,546 INFO maxContent:10485760

2025-11-12 13:25:10,963 INFO notifyConnectTimeout:100

2025-11-12 13:25:10,975 INFO notifySocketTimeout:200

2025-11-12 13:25:10,975 INFO isHealthCheck:true

2025-11-12 13:25:10,976 INFO maxHealthCheckFailCount:12

2025-11-12 13:25:10,982 INFO maxContent:10485760

2025-11-12 13:25:39,231 INFO notifyConnectTimeout:100

2025-11-12 13:25:39,235 INFO notifySocketTimeout:200

2025-11-12 13:25:39,238 INFO isHealthCheck:true

2025-11-12 13:25:39,240 INFO maxHealthCheckFailCount:12

2025-11-12 13:25:39,242 INFO maxContent:10485760

2025-11-12 13:26:15,952 INFO notifyConnectTimeout:100

2025-11-12 13:26:15,963 INFO notifySocketTimeout:200

2025-11-12 13:26:15,963 INFO isHealthCheck:true

2025-11-12 13:26:15,972 INFO maxHealthCheckFailCount:12

2025-11-12 13:26:15,980 INFO maxContent:10485760

2025-11-12 13:26:59,776 INFO notifyConnectTimeout:100

2025-11-12 13:26:59,788 INFO notifySocketTimeout:200

2025-11-12 13:26:59,796 INFO isHealthCheck:true

2025-11-12 13:26:59,801 INFO maxHealthCheckFailCount:12

2025-11-12 13:26:59,804 INFO maxContent:10485760

2025-11-12 13:28:52,561 INFO notifyConnectTimeout:100

2025-11-12 13:28:52,566 INFO notifySocketTimeout:200

2025-11-12 13:28:52,566 INFO isHealthCheck:true

2025-11-12 13:28:52,567 INFO maxHealthCheckFailCount:12

2025-11-12 13:28:52,573 INFO maxContent:10485760

2025-11-12 13:29:18,016 INFO notifyConnectTimeout:100

2025-11-12 13:29:18,018 INFO notifySocketTimeout:200

2025-11-12 13:29:18,019 INFO isHealthCheck:true

2025-11-12 13:29:18,025 INFO maxHealthCheckFailCount:12

2025-11-12 13:29:18,027 INFO maxContent:10485760

2025-11-12 13:30:32,426 INFO notifyConnectTimeout:100

2025-11-12 13:30:32,452 INFO notifySocketTimeout:200

2025-11-12 13:30:32,456 INFO isHealthCheck:true

2025-11-12 13:30:32,461 INFO maxHealthCheckFailCount:12

2025-11-12 13:30:32,471 INFO maxContent:10485760

2025-11-12 13:31:54,654 INFO notifyConnectTimeout:100

2025-11-12 13:31:54,665 INFO notifySocketTimeout:200

2025-11-12 13:31:54,666 INFO isHealthCheck:true

2025-11-12 13:31:54,671 INFO maxHealthCheckFailCount:12

2025-11-12 13:31:54,671 INFO maxContent:10485760

2025-11-12 13:32:15,411 INFO notifyConnectTimeout:100

2025-11-12 13:32:15,441 INFO notifySocketTimeout:200

2025-11-12 13:32:15,442 INFO isHealthCheck:true

2025-11-12 13:32:15,444 INFO maxHealthCheckFailCount:12

2025-11-12 13:32:15,453 INFO maxContent:10485760

2025-11-12 13:32:31,207 INFO notifyConnectTimeout:100

2025-11-12 13:32:31,215 INFO notifySocketTimeout:200

2025-11-12 13:32:31,215 INFO isHealthCheck:true

2025-11-12 13:32:31,224 INFO maxHealthCheckFailCount:12

2025-11-12 13:32:31,224 INFO maxContent:10485760

2025-11-12 13:32:57,954 INFO notifyConnectTimeout:100

2025-11-12 13:32:57,977 INFO notifySocketTimeout:200

2025-11-12 13:32:57,986 INFO isHealthCheck:true

2025-11-12 13:32:57,991 INFO maxHealthCheckFailCount:12

2025-11-12 13:32:58,001 INFO maxContent:10485760

2025-11-12 13:34:29,111 INFO notifyConnectTimeout:100

2025-11-12 13:34:29,158 INFO notifySocketTimeout:200

2025-11-12 13:34:29,160 INFO isHealthCheck:true

2025-11-12 13:34:29,172 INFO maxHealthCheckFailCount:12

2025-11-12 13:34:29,186 INFO maxContent:10485760

2025-11-12 13:37:27,459 INFO notifyConnectTimeout:100

2025-11-12 13:37:27,467 INFO notifySocketTimeout:200

2025-11-12 13:37:27,468 INFO isHealthCheck:true

2025-11-12 13:37:27,468 INFO maxHealthCheckFailCount:12

2025-11-12 13:37:27,473 INFO maxContent:10485760

2025-11-12 13:38:27,223 INFO notifyConnectTimeout:100

2025-11-12 13:38:27,243 INFO notifySocketTimeout:200

2025-11-12 13:38:27,259 INFO isHealthCheck:true

2025-11-12 13:38:27,273 INFO maxHealthCheckFailCount:12

2025-11-12 13:38:27,316 INFO maxContent:10485760

2025-11-12 13:41:18,903 INFO notifyConnectTimeout:100

2025-11-12 13:41:18,911 INFO notifySocketTimeout:200

2025-11-12 13:41:18,915 INFO isHealthCheck:true

2025-11-12 13:41:18,916 INFO maxHealthCheckFailCount:12

2025-11-12 13:41:18,919 INFO maxContent:10485760

2025-11-12 13:41:38,793 INFO notifyConnectTimeout:100

2025-11-12 13:41:38,805 INFO notifySocketTimeout:200

2025-11-12 13:41:38,811 INFO isHealthCheck:true

2025-11-12 13:41:38,812 INFO maxHealthCheckFailCount:12

2025-11-12 13:41:38,813 INFO maxContent:10485760

2025-11-12 13:43:12,187 INFO All dump page size is set to 100 according to mem limit 1024 MB

2025-11-12 13:43:12,208 WARN DumpService start

2025-11-12 13:43:12,214 INFO start clear all config-info.

2025-11-12 13:43:12,220 INFO clear all config-info success.

2025-11-12 13:43:12,227 INFO clear all config-info-tenant success.

2025-11-12 13:43:12,234 INFO start dump all config-info...

2025-11-12 13:43:12,236 INFO success to  dump all config-info。

2025-11-12 13:43:12,238 INFO start to clear all gray-config-info on startup.

2025-11-12 13:43:12,242 INFO clear all config-info-gray success.

2025-11-12 13:43:12,243 INFO clear all config-info-gray-tenant success.

2025-11-12 13:44:22,809 INFO notifyConnectTimeout:100

2025-11-12 13:44:22,823 INFO notifySocketTimeout:200

2025-11-12 13:44:22,825 INFO isHealthCheck:true

2025-11-12 13:44:22,826 INFO maxHealthCheckFailCount:12

2025-11-12 13:44:22,827 INFO maxContent:10485760

2025-11-12 13:44:56,710 INFO notifyConnectTimeout:100

2025-11-12 13:44:56,729 INFO notifySocketTimeout:200

2025-11-12 13:44:56,739 INFO isHealthCheck:true

2025-11-12 13:44:56,750 INFO maxHealthCheckFailCount:12

2025-11-12 13:44:56,755 INFO maxContent:10485760

2025-11-12 13:46:06,802 INFO notifyConnectTimeout:100

2025-11-12 13:46:06,815 INFO notifySocketTimeout:200

2025-11-12 13:46:06,817 INFO isHealthCheck:true

2025-11-12 13:46:06,822 INFO maxHealthCheckFailCount:12

2025-11-12 13:46:06,826 INFO maxContent:10485760

2025-11-12 13:46:42,333 INFO notifyConnectTimeout:100

2025-11-12 13:46:42,341 INFO notifySocketTimeout:200

2025-11-12 13:46:42,356 INFO isHealthCheck:true

2025-11-12 13:46:42,356 INFO maxHealthCheckFailCount:12

2025-11-12 13:46:42,357 INFO maxContent:10485760

2025-11-12 13:46:59,337 INFO notifyConnectTimeout:100

2025-11-12 13:46:59,343 INFO notifySocketTimeout:200

2025-11-12 13:46:59,349 INFO isHealthCheck:true

2025-11-12 13:46:59,351 INFO maxHealthCheckFailCount:12

2025-11-12 13:46:59,352 INFO maxContent:10485760

2025-11-12 13:47:27,469 INFO All dump page size is set to 100 according to mem limit 1024 MB

2025-11-12 13:47:27,479 WARN DumpService start

2025-11-12 13:47:27,482 INFO start clear all config-info.

2025-11-12 13:47:27,485 INFO clear all config-info success.

2025-11-12 13:47:27,486 INFO clear all config-info-tenant success.

2025-11-12 13:47:27,487 INFO start dump all config-info...

2025-11-12 13:47:27,487 INFO success to  dump all config-info。

2025-11-12 13:47:27,488 INFO start to clear all gray-config-info on startup.

2025-11-12 13:47:27,488 INFO clear all config-info-gray success.

2025-11-12 13:47:27,489 INFO clear all config-info-gray-tenant success.

2025-11-12 13:47:56,026 INFO notifyConnectTimeout:100

2025-11-12 13:47:56,038 INFO notifySocketTimeout:200

2025-11-12 13:47:56,038 INFO isHealthCheck:true

2025-11-12 13:47:56,039 INFO maxHealthCheckFailCount:12

2025-11-12 13:47:56,047 INFO maxContent:10485760

2025-11-12 13:48:40,762 INFO notifyConnectTimeout:100

2025-11-12 13:48:40,786 INFO notifySocketTimeout:200

2025-11-12 13:48:40,788 INFO isHealthCheck:true

2025-11-12 13:48:40,789 INFO maxHealthCheckFailCount:12

2025-11-12 13:48:40,789 INFO maxContent:10485760

2025-11-12 13:49:04,108 INFO notifyConnectTimeout:100

2025-11-12 13:49:04,155 INFO notifySocketTimeout:200

2025-11-12 13:49:04,156 INFO isHealthCheck:true

2025-11-12 13:49:04,163 INFO maxHealthCheckFailCount:12

2025-11-12 13:49:04,172 INFO maxContent:10485760

2025-11-12 13:49:27,177 INFO notifyConnectTimeout:100

2025-11-12 13:49:27,190 INFO notifySocketTimeout:200

2025-11-12 13:49:27,191 INFO isHealthCheck:true

2025-11-12 13:49:27,191 INFO maxHealthCheckFailCount:12

2025-11-12 13:49:27,194 INFO maxContent:10485760

2025-11-12 13:53:17,858 INFO notifyConnectTimeout:100

2025-11-12 13:53:17,866 INFO notifySocketTimeout:200

2025-11-12 13:53:17,866 INFO isHealthCheck:true

2025-11-12 13:53:17,867 INFO maxHealthCheckFailCount:12

2025-11-12 13:53:17,867 INFO maxContent:10485760

2025-11-12 13:53:50,953 INFO notifyConnectTimeout:100

2025-11-12 13:53:50,960 INFO notifySocketTimeout:200

2025-11-12 13:53:50,961 INFO isHealthCheck:true

2025-11-12 13:53:50,962 INFO maxHealthCheckFailCount:12

2025-11-12 13:53:50,962 INFO maxContent:10485760

2025-11-12 13:54:15,675 INFO notifyConnectTimeout:100

2025-11-12 13:54:15,685 INFO notifySocketTimeout:200

2025-11-12 13:54:15,691 INFO isHealthCheck:true

2025-11-12 13:54:15,700 INFO maxHealthCheckFailCount:12

2025-11-12 13:54:15,703 INFO maxContent:10485760

2025-11-12 13:54:31,149 INFO notifyConnectTimeout:100

2025-11-12 13:54:31,166 INFO notifySocketTimeout:200

2025-11-12 13:54:31,169 INFO isHealthCheck:true

2025-11-12 13:54:31,174 INFO maxHealthCheckFailCount:12

2025-11-12 13:54:31,176 INFO maxContent:10485760

2025-11-12 13:54:50,234 INFO notifyConnectTimeout:100

2025-11-12 13:54:50,535 INFO notifySocketTimeout:200

2025-11-12 13:54:50,535 INFO isHealthCheck:true

2025-11-12 13:54:50,536 INFO maxHealthCheckFailCount:12

2025-11-12 13:54:50,544 INFO maxContent:10485760

2025-11-12 13:55:12,334 INFO notifyConnectTimeout:100

2025-11-12 13:55:12,417 INFO notifySocketTimeout:200

2025-11-12 13:55:12,455 INFO isHealthCheck:true

2025-11-12 13:55:12,455 INFO maxHealthCheckFailCount:12

2025-11-12 13:55:12,456 INFO maxContent:10485760

2025-11-12 13:55:35,562 INFO notifyConnectTimeout:100

2025-11-12 13:55:35,576 INFO notifySocketTimeout:200

2025-11-12 13:55:35,578 INFO isHealthCheck:true

2025-11-12 13:55:35,580 INFO maxHealthCheckFailCount:12

2025-11-12 13:55:35,580 INFO maxContent:10485760

2025-11-12 13:56:03,391 INFO notifyConnectTimeout:100

2025-11-12 13:56:03,431 INFO notifySocketTimeout:200

2025-11-12 13:56:03,437 INFO isHealthCheck:true

2025-11-12 13:56:03,447 INFO maxHealthCheckFailCount:12

2025-11-12 13:56:03,450 INFO maxContent:10485760

2025-11-12 13:56:43,825 INFO notifyConnectTimeout:100

2025-11-12 13:56:43,832 INFO notifySocketTimeout:200

2025-11-12 13:56:43,833 INFO isHealthCheck:true

2025-11-12 13:56:43,839 INFO maxHealthCheckFailCount:12

2025-11-12 13:56:43,842 INFO maxContent:10485760

2025-11-12 13:58:10,699 INFO notifyConnectTimeout:100

2025-11-12 13:58:10,709 INFO notifySocketTimeout:200

2025-11-12 13:58:10,710 INFO isHealthCheck:true

2025-11-12 13:58:10,712 INFO maxHealthCheckFailCount:12

2025-11-12 13:58:10,716 INFO maxContent:10485760

2025-11-12 13:58:47,697 INFO notifyConnectTimeout:100

2025-11-12 13:58:47,700 INFO notifySocketTimeout:200

2025-11-12 13:58:47,701 INFO isHealthCheck:true

2025-11-12 13:58:47,703 INFO maxHealthCheckFailCount:12

2025-11-12 13:58:47,705 INFO maxContent:10485760

2025-11-12 13:59:28,841 INFO notifyConnectTimeout:100

2025-11-12 13:59:28,858 INFO notifySocketTimeout:200

2025-11-12 13:59:28,859 INFO isHealthCheck:true

2025-11-12 13:59:28,862 INFO maxHealthCheckFailCount:12

2025-11-12 13:59:28,866 INFO maxContent:10485760

2025-11-12 14:00:24,334 INFO notifyConnectTimeout:100

2025-11-12 14:00:24,396 INFO notifySocketTimeout:200

2025-11-12 14:00:24,418 INFO isHealthCheck:true

2025-11-12 14:00:24,442 INFO maxHealthCheckFailCount:12

2025-11-12 14:00:24,452 INFO maxContent:10485760

2025-11-12 14:01:17,454 INFO notifyConnectTimeout:100

2025-11-12 14:01:17,475 INFO notifySocketTimeout:200

2025-11-12 14:01:17,480 INFO isHealthCheck:true

2025-11-12 14:01:17,481 INFO maxHealthCheckFailCount:12

2025-11-12 14:01:17,481 INFO maxContent:10485760

2025-11-12 14:02:00,004 INFO notifyConnectTimeout:100

2025-11-12 14:02:00,025 INFO notifySocketTimeout:200

2025-11-12 14:02:00,029 INFO isHealthCheck:true

2025-11-12 14:02:00,033 INFO maxHealthCheckFailCount:12

2025-11-12 14:02:00,035 INFO maxContent:10485760

2025-11-12 14:03:59,794 INFO notifyConnectTimeout:100

2025-11-12 14:03:59,820 INFO notifySocketTimeout:200

2025-11-12 14:03:59,827 INFO isHealthCheck:true

2025-11-12 14:03:59,828 INFO maxHealthCheckFailCount:12

2025-11-12 14:03:59,829 INFO maxContent:10485760

2025-11-12 14:05:54,772 INFO notifyConnectTimeout:100

2025-11-12 14:05:54,782 INFO notifySocketTimeout:200

2025-11-12 14:05:54,790 INFO isHealthCheck:true

2025-11-12 14:05:54,801 INFO maxHealthCheckFailCount:12

2025-11-12 14:05:54,811 INFO maxContent:10485760

2025-11-12 14:06:24,493 INFO notifyConnectTimeout:100

2025-11-12 14:06:24,504 INFO notifySocketTimeout:200

2025-11-12 14:06:24,511 INFO isHealthCheck:true

2025-11-12 14:06:24,514 INFO maxHealthCheckFailCount:12

2025-11-12 14:06:24,515 INFO maxContent:10485760

2025-11-12 14:06:48,874 INFO notifyConnectTimeout:100

2025-11-12 14:06:48,892 INFO notifySocketTimeout:200

2025-11-12 14:06:48,894 INFO isHealthCheck:true

2025-11-12 14:06:48,906 INFO maxHealthCheckFailCount:12

2025-11-12 14:06:48,922 INFO maxContent:10485760

2025-11-12 14:07:24,550 INFO notifyConnectTimeout:100

2025-11-12 14:07:24,558 INFO notifySocketTimeout:200

2025-11-12 14:07:24,559 INFO isHealthCheck:true

2025-11-12 14:07:24,561 INFO maxHealthCheckFailCount:12

2025-11-12 14:07:24,563 INFO maxContent:10485760

2025-11-12 14:07:45,518 INFO notifyConnectTimeout:100

2025-11-12 14:07:45,529 INFO notifySocketTimeout:200

2025-11-12 14:07:45,530 INFO isHealthCheck:true

2025-11-12 14:07:45,531 INFO maxHealthCheckFailCount:12

2025-11-12 14:07:45,531 INFO maxContent:10485760

2025-11-12 14:08:08,240 INFO notifyConnectTimeout:100

2025-11-12 14:08:08,257 INFO notifySocketTimeout:200

2025-11-12 14:08:08,260 INFO isHealthCheck:true

2025-11-12 14:08:08,262 INFO maxHealthCheckFailCount:12

2025-11-12 14:08:08,262 INFO maxContent:10485760

2025-11-12 14:08:27,851 INFO notifyConnectTimeout:100

2025-11-12 14:08:27,871 INFO notifySocketTimeout:200

2025-11-12 14:08:27,878 INFO isHealthCheck:true

2025-11-12 14:08:27,880 INFO maxHealthCheckFailCount:12

2025-11-12 14:08:27,885 INFO maxContent:10485760

2025-11-12 14:08:46,638 INFO notifyConnectTimeout:100

2025-11-12 14:08:46,653 INFO notifySocketTimeout:200

2025-11-12 14:08:46,654 INFO isHealthCheck:true

2025-11-12 14:08:46,654 INFO maxHealthCheckFailCount:12

2025-11-12 14:08:46,655 INFO maxContent:10485760

2025-11-12 14:09:06,604 INFO notifyConnectTimeout:100

2025-11-12 14:09:06,635 INFO notifySocketTimeout:200

2025-11-12 14:09:06,637 INFO isHealthCheck:true

2025-11-12 14:09:06,637 INFO maxHealthCheckFailCount:12

2025-11-12 14:09:06,643 INFO maxContent:10485760

2025-11-12 14:11:00,638 INFO notifyConnectTimeout:100

2025-11-12 14:11:00,679 INFO notifySocketTimeout:200

2025-11-12 14:11:00,680 INFO isHealthCheck:true

2025-11-12 14:11:00,680 INFO maxHealthCheckFailCount:12

2025-11-12 14:11:00,681 INFO maxContent:10485760

2025-11-12 14:11:30,114 INFO notifyConnectTimeout:100

2025-11-12 14:11:30,124 INFO notifySocketTimeout:200

2025-11-12 14:11:30,127 INFO isHealthCheck:true

2025-11-12 14:11:30,129 INFO maxHealthCheckFailCount:12

2025-11-12 14:11:30,133 INFO maxContent:10485760

2025-11-12 14:11:53,648 INFO notifyConnectTimeout:100

2025-11-12 14:11:53,676 INFO notifySocketTimeout:200

2025-11-12 14:11:53,679 INFO isHealthCheck:true

2025-11-12 14:11:53,682 INFO maxHealthCheckFailCount:12

2025-11-12 14:11:53,684 INFO maxContent:10485760

2025-11-12 14:13:07,638 INFO notifyConnectTimeout:100

2025-11-12 14:13:07,651 INFO notifySocketTimeout:200

2025-11-12 14:13:07,652 INFO isHealthCheck:true

2025-11-12 14:13:07,652 INFO maxHealthCheckFailCount:12

2025-11-12 14:13:07,652 INFO maxContent:10485760

2025-11-12 14:13:58,807 INFO notifyConnectTimeout:100

2025-11-12 14:13:58,896 INFO notifySocketTimeout:200

2025-11-12 14:13:58,904 INFO isHealthCheck:true

2025-11-12 14:13:58,908 INFO maxHealthCheckFailCount:12

2025-11-12 14:13:58,911 INFO maxContent:10485760

2025-11-12 14:14:45,776 INFO notifyConnectTimeout:100

2025-11-12 14:14:45,796 INFO notifySocketTimeout:200

2025-11-12 14:14:45,798 INFO isHealthCheck:true

2025-11-12 14:14:45,803 INFO maxHealthCheckFailCount:12

2025-11-12 14:14:45,810 INFO maxContent:10485760

2025-11-12 14:15:15,059 INFO notifyConnectTimeout:100

2025-11-12 14:15:15,119 INFO notifySocketTimeout:200

2025-11-12 14:15:15,129 INFO isHealthCheck:true

2025-11-12 14:15:15,152 INFO maxHealthCheckFailCount:12

2025-11-12 14:15:15,159 INFO maxContent:10485760

2025-11-12 14:16:47,580 INFO notifyConnectTimeout:100

2025-11-12 14:16:47,605 INFO notifySocketTimeout:200

2025-11-12 14:16:47,606 INFO isHealthCheck:true

2025-11-12 14:16:47,606 INFO maxHealthCheckFailCount:12

2025-11-12 14:16:47,606 INFO maxContent:10485760

2025-11-12 14:17:22,958 INFO notifyConnectTimeout:100

2025-11-12 14:17:22,961 INFO notifySocketTimeout:200

2025-11-12 14:17:22,961 INFO isHealthCheck:true

2025-11-12 14:17:22,962 INFO maxHealthCheckFailCount:12

2025-11-12 14:17:22,963 INFO maxContent:10485760

2025-11-12 14:18:00,808 INFO notifyConnectTimeout:100

2025-11-12 14:18:00,831 INFO notifySocketTimeout:200

2025-11-12 14:18:00,841 INFO isHealthCheck:true

2025-11-12 14:18:00,874 INFO maxHealthCheckFailCount:12

2025-11-12 14:18:00,878 INFO maxContent:10485760

2025-11-12 14:18:33,222 INFO notifyConnectTimeout:100

2025-11-12 14:18:33,246 INFO notifySocketTimeout:200

2025-11-12 14:18:33,256 INFO isHealthCheck:true

2025-11-12 14:18:33,262 INFO maxHealthCheckFailCount:12

2025-11-12 14:18:33,274 INFO maxContent:10485760

2025-11-12 14:19:17,342 INFO notifyConnectTimeout:100

2025-11-12 14:19:17,409 INFO notifySocketTimeout:200

2025-11-12 14:19:17,415 INFO isHealthCheck:true

2025-11-12 14:19:17,426 INFO maxHealthCheckFailCount:12

2025-11-12 14:19:17,433 INFO maxContent:10485760

2025-11-12 14:20:32,510 INFO notifyConnectTimeout:100

2025-11-12 14:20:32,514 INFO notifySocketTimeout:200

2025-11-12 14:20:32,515 INFO isHealthCheck:true

2025-11-12 14:20:32,516 INFO maxHealthCheckFailCount:12

2025-11-12 14:20:32,516 INFO maxContent:10485760

2025-11-12 14:22:02,922 INFO notifyConnectTimeout:100

2025-11-12 14:22:02,954 INFO notifySocketTimeout:200

2025-11-12 14:22:02,967 INFO isHealthCheck:true

2025-11-12 14:22:02,985 INFO maxHealthCheckFailCount:12

2025-11-12 14:22:02,987 INFO maxContent:10485760

2025-11-12 14:23:36,120 INFO notifyConnectTimeout:100

2025-11-12 14:23:36,141 INFO notifySocketTimeout:200

2025-11-12 14:23:36,148 INFO isHealthCheck:true

2025-11-12 14:23:36,150 INFO maxHealthCheckFailCount:12

2025-11-12 14:23:36,151 INFO maxContent:10485760

2025-11-12 14:24:33,019 INFO notifyConnectTimeout:100

2025-11-12 14:24:33,040 INFO notifySocketTimeout:200

2025-11-12 14:24:33,059 INFO isHealthCheck:true

2025-11-12 14:24:33,073 INFO maxHealthCheckFailCount:12

2025-11-12 14:24:33,075 INFO maxContent:10485760

2025-11-12 14:25:36,994 INFO notifyConnectTimeout:100

2025-11-12 14:25:37,012 INFO notifySocketTimeout:200

2025-11-12 14:25:37,013 INFO isHealthCheck:true

2025-11-12 14:25:37,013 INFO maxHealthCheckFailCount:12

2025-11-12 14:25:37,013 INFO maxContent:10485760

2025-11-12 14:26:09,439 INFO notifyConnectTimeout:100

2025-11-12 14:26:09,453 INFO notifySocketTimeout:200

2025-11-12 14:26:09,455 INFO isHealthCheck:true

2025-11-12 14:26:09,462 INFO maxHealthCheckFailCount:12

2025-11-12 14:26:09,462 INFO maxContent:10485760

2025-11-12 14:26:35,840 INFO notifyConnectTimeout:100

2025-11-12 14:26:35,896 INFO notifySocketTimeout:200

2025-11-12 14:26:35,902 INFO isHealthCheck:true

2025-11-12 14:26:35,905 INFO maxHealthCheckFailCount:12

2025-11-12 14:26:35,914 INFO maxContent:10485760

2025-11-12 14:27:16,750 INFO notifyConnectTimeout:100

2025-11-12 14:27:16,772 INFO notifySocketTimeout:200

2025-11-12 14:27:16,781 INFO isHealthCheck:true

2025-11-12 14:27:16,787 INFO maxHealthCheckFailCount:12

2025-11-12 14:27:16,792 INFO maxContent:10485760

2025-11-12 14:28:19,284 INFO notifyConnectTimeout:100

2025-11-12 14:28:19,342 INFO notifySocketTimeout:200

2025-11-12 14:28:19,346 INFO isHealthCheck:true

2025-11-12 14:28:19,346 INFO maxHealthCheckFailCount:12

2025-11-12 14:28:19,363 INFO maxContent:10485760

2025-11-12 14:30:23,948 INFO notifyConnectTimeout:100

2025-11-12 14:30:23,981 INFO notifySocketTimeout:200

2025-11-12 14:30:23,986 INFO isHealthCheck:true

2025-11-12 14:30:23,990 INFO maxHealthCheckFailCount:12

2025-11-12 14:30:23,992 INFO maxContent:10485760

2025-11-12 14:31:12,870 INFO notifyConnectTimeout:100

2025-11-12 14:31:12,931 INFO notifySocketTimeout:200

2025-11-12 14:31:12,945 INFO isHealthCheck:true

2025-11-12 14:31:12,957 INFO maxHealthCheckFailCount:12

2025-11-12 14:31:12,965 INFO maxContent:10485760

2025-11-12 14:32:11,084 INFO notifyConnectTimeout:100

2025-11-12 14:32:11,089 INFO notifySocketTimeout:200

2025-11-12 14:32:11,089 INFO isHealthCheck:true

2025-11-12 14:32:11,092 INFO maxHealthCheckFailCount:12

2025-11-12 14:32:11,094 INFO maxContent:10485760

2025-11-12 14:32:51,490 INFO notifyConnectTimeout:100

2025-11-12 14:32:51,504 INFO notifySocketTimeout:200

2025-11-12 14:32:51,505 INFO isHealthCheck:true

2025-11-12 14:32:51,507 INFO maxHealthCheckFailCount:12

2025-11-12 14:32:51,508 INFO maxContent:10485760

2025-11-12 14:33:32,502 INFO notifyConnectTimeout:100

2025-11-12 14:33:32,539 INFO notifySocketTimeout:200

2025-11-12 14:33:32,539 INFO isHealthCheck:true

2025-11-12 14:33:32,539 INFO maxHealthCheckFailCount:12

2025-11-12 14:33:32,540 INFO maxContent:10485760

2025-11-12 14:34:06,144 INFO notifyConnectTimeout:100

2025-11-12 14:34:06,183 INFO notifySocketTimeout:200

2025-11-12 14:34:06,183 INFO isHealthCheck:true

2025-11-12 14:34:06,183 INFO maxHealthCheckFailCount:12

2025-11-12 14:34:06,190 INFO maxContent:10485760

2025-11-12 14:35:16,246 INFO notifyConnectTimeout:100

2025-11-12 14:35:16,257 INFO notifySocketTimeout:200

2025-11-12 14:35:16,259 INFO isHealthCheck:true

2025-11-12 14:35:16,264 INFO maxHealthCheckFailCount:12

2025-11-12 14:35:16,267 INFO maxContent:10485760

2025-11-12 14:35:51,143 INFO notifyConnectTimeout:100

2025-11-12 14:35:51,216 INFO notifySocketTimeout:200

2025-11-12 14:35:51,223 INFO isHealthCheck:true

2025-11-12 14:35:51,233 INFO maxHealthCheckFailCount:12

2025-11-12 14:35:51,261 INFO maxContent:10485760

2025-11-12 14:36:24,163 INFO notifyConnectTimeout:100

2025-11-12 14:36:24,176 INFO notifySocketTimeout:200

2025-11-12 14:36:24,177 INFO isHealthCheck:true

2025-11-12 14:36:24,180 INFO maxHealthCheckFailCount:12

2025-11-12 14:36:24,186 INFO maxContent:10485760

2025-11-12 14:37:00,974 INFO notifyConnectTimeout:100

2025-11-12 14:37:01,014 INFO notifySocketTimeout:200

2025-11-12 14:37:01,040 INFO isHealthCheck:true

2025-11-12 14:37:01,057 INFO maxHealthCheckFailCount:12

2025-11-12 14:37:01,065 INFO maxContent:10485760

2025-11-12 14:37:32,586 INFO notifyConnectTimeout:100

2025-11-12 14:37:32,599 INFO notifySocketTimeout:200

2025-11-12 14:37:32,605 INFO isHealthCheck:true

2025-11-12 14:37:32,610 INFO maxHealthCheckFailCount:12

2025-11-12 14:37:32,616 INFO maxContent:10485760

2025-11-12 14:40:59,959 INFO notifyConnectTimeout:100

2025-11-12 14:41:00,000 INFO notifySocketTimeout:200

2025-11-12 14:41:00,015 INFO isHealthCheck:true

2025-11-12 14:41:00,038 INFO maxHealthCheckFailCount:12

2025-11-12 14:41:00,075 INFO maxContent:10485760

2025-11-12 14:42:07,626 INFO notifyConnectTimeout:100

2025-11-12 14:42:07,637 INFO notifySocketTimeout:200

2025-11-12 14:42:07,642 INFO isHealthCheck:true

2025-11-12 14:42:07,655 INFO maxHealthCheckFailCount:12

2025-11-12 14:42:07,663 INFO maxContent:10485760

2025-11-12 14:42:38,909 INFO notifyConnectTimeout:100

2025-11-12 14:42:38,922 INFO notifySocketTimeout:200

2025-11-12 14:42:38,926 INFO isHealthCheck:true

2025-11-12 14:42:38,929 INFO maxHealthCheckFailCount:12

2025-11-12 14:42:38,933 INFO maxContent:10485760

2025-11-12 14:46:15,410 INFO notifyConnectTimeout:100

2025-11-12 14:46:15,421 INFO notifySocketTimeout:200

2025-11-12 14:46:15,422 INFO isHealthCheck:true

2025-11-12 14:46:15,429 INFO maxHealthCheckFailCount:12

2025-11-12 14:46:15,438 INFO maxContent:10485760

2025-11-12 14:46:40,557 INFO notifyConnectTimeout:100

2025-11-12 14:46:40,616 INFO notifySocketTimeout:200

2025-11-12 14:46:40,616 INFO isHealthCheck:true

2025-11-12 14:46:40,617 INFO maxHealthCheckFailCount:12

2025-11-12 14:46:40,618 INFO maxContent:10485760

2025-11-12 14:47:18,067 INFO All dump page size is set to 100 according to mem limit 1024 MB

2025-11-12 14:47:18,118 WARN DumpService start

2025-11-12 14:47:18,124 INFO start clear all config-info.

2025-11-12 14:47:18,140 INFO clear all config-info success.

2025-11-12 14:47:18,147 INFO clear all config-info-tenant success.

2025-11-12 14:47:18,176 INFO start dump all config-info...

2025-11-12 14:47:18,187 INFO success to  dump all config-info。

2025-11-12 14:47:18,189 INFO start to clear all gray-config-info on startup.

2025-11-12 14:47:18,189 INFO clear all config-info-gray success.

2025-11-12 14:47:18,199 INFO clear all config-info-gray-tenant success.

2025-11-12 14:47:44,239 INFO notifyConnectTimeout:100

2025-11-12 14:47:44,259 INFO notifySocketTimeout:200

2025-11-12 14:47:44,260 INFO isHealthCheck:true

2025-11-12 14:47:44,266 INFO maxHealthCheckFailCount:12

2025-11-12 14:47:44,267 INFO maxContent:10485760

2025-11-12 14:48:14,140 INFO notifyConnectTimeout:100

2025-11-12 14:48:14,153 INFO notifySocketTimeout:200

2025-11-12 14:48:14,156 INFO isHealthCheck:true

2025-11-12 14:48:14,156 INFO maxHealthCheckFailCount:12

2025-11-12 14:48:14,159 INFO maxContent:10485760

2025-11-12 14:50:23,318 INFO notifyConnectTimeout:100

2025-11-12 14:50:23,346 INFO notifySocketTimeout:200

2025-11-12 14:50:23,350 INFO isHealthCheck:true

2025-11-12 14:50:23,362 INFO maxHealthCheckFailCount:12

2025-11-12 14:50:23,363 INFO maxContent:10485760

2025-11-12 14:52:09,917 INFO notifyConnectTimeout:100

2025-11-12 14:52:09,930 INFO notifySocketTimeout:200

2025-11-12 14:52:09,955 INFO isHealthCheck:true

2025-11-12 14:52:09,956 INFO maxHealthCheckFailCount:12

2025-11-12 14:52:09,965 INFO maxContent:10485760

