2025-11-12 10:58:43,435 INFO Fail to find connection runtime ejector for name nacos,use default

2025-11-12 10:58:44,474 INFO Connection check task start

2025-11-12 10:58:44,483 INFO Long connection metrics detail ,Total count =0, sdkCount=0,clusterCount=0

2025-11-12 10:58:44,487 INFO Out dated connection ,size=0

2025-11-12 10:58:44,489 INFO Connection check task end

2025-11-12 10:58:46,937 INFO ConnectionMetrics, totalCount = 0, detail = {long_connection=0, long_polling=0}

2025-11-12 10:58:47,741 INFO Connection check task start

2025-11-12 10:58:47,785 INFO Long connection metrics detail ,Total count =0, sdkCount=0,clusterCount=0

2025-11-12 10:58:47,826 INFO Out dated connection ,size=0

2025-11-12 10:58:47,835 INFO Connection check task end

2025-11-12 10:58:50,298 INFO ConnectionMetrics, totalCount = 0, detail = {long_connection=0, long_polling=0}

2025-11-12 10:58:50,857 INFO Connection check task start

2025-11-12 10:58:50,888 INFO Long connection metrics detail ,Total count =0, sdkCount=0,clusterCount=0

2025-11-12 10:58:50,912 INFO Out dated connection ,size=0

2025-11-12 10:58:50,913 INFO Connection check task end

2025-11-12 10:58:54,017 INFO Connection check task start

2025-11-12 10:58:54,078 INFO Long connection metrics detail ,Total count =0, sdkCount=0,clusterCount=0

2025-11-12 10:58:54,162 INFO Out dated connection ,size=0

2025-11-12 10:58:54,163 INFO Connection check task end

2025-11-12 11:00:23,718 INFO Fail to find connection runtime ejector for name nacos,use default

2025-11-12 11:00:24,725 INFO Connection check task start

2025-11-12 11:00:24,741 INFO Long connection metrics detail ,Total count =0, sdkCount=0,clusterCount=0

2025-11-12 11:00:24,745 INFO Out dated connection ,size=0

2025-11-12 11:00:24,761 INFO Connection check task end

2025-11-12 11:00:26,770 INFO ConnectionMetrics, totalCount = 0, detail = {long_connection=0, long_polling=0}

2025-11-12 11:00:27,862 INFO Connection check task start

2025-11-12 11:00:27,865 INFO Long connection metrics detail ,Total count =0, sdkCount=0,clusterCount=0

2025-11-12 11:00:27,867 INFO Out dated connection ,size=0

2025-11-12 11:00:27,869 INFO Connection check task end

2025-11-12 11:00:29,980 INFO ConnectionMetrics, totalCount = 0, detail = {long_connection=0, long_polling=0}

2025-11-12 11:00:30,949 INFO Connection check task start

2025-11-12 11:00:31,107 INFO Long connection metrics detail ,Total count =0, sdkCount=0,clusterCount=0

2025-11-12 11:00:31,371 INFO Out dated connection ,size=0

2025-11-12 11:00:32,001 INFO Connection check task end

2025-11-12 11:00:33,785 INFO ConnectionMetrics, totalCount = 0, detail = {long_connection=0, long_polling=0}

2025-11-12 11:00:36,571 INFO Connection check task start

2025-11-12 11:00:38,740 INFO ConnectionMetrics, totalCount = 0, detail = {long_connection=0, long_polling=0}

2025-11-12 11:00:38,844 INFO Long connection metrics detail ,Total count =0, sdkCount=0,clusterCount=0

2025-11-12 11:00:39,602 INFO Out dated connection ,size=0

2025-11-12 11:00:40,083 INFO Connection check task end

2025-11-12 11:00:42,630 INFO ConnectionMetrics, totalCount = 0, detail = {long_connection=0, long_polling=0}

2025-11-12 11:00:43,515 INFO Connection check task start

2025-11-12 11:00:43,866 INFO Long connection metrics detail ,Total count =0, sdkCount=0,clusterCount=0

2025-11-12 11:00:44,514 INFO Out dated connection ,size=0

2025-11-12 11:00:44,975 INFO Connection check task end

2025-11-12 11:00:46,649 INFO ConnectionMetrics, totalCount = 0, detail = {long_connection=0, long_polling=0}

2025-11-12 11:00:49,488 INFO Connection check task start

2025-11-12 11:00:49,992 INFO Long connection metrics detail ,Total count =0, sdkCount=0,clusterCount=0

2025-11-12 11:00:50,986 INFO Out dated connection ,size=0

2025-11-12 11:00:51,523 INFO Connection check task end

2025-11-12 11:00:50,249 INFO ConnectionMetrics, totalCount = 0, detail = {long_connection=0, long_polling=0}

2025-11-12 11:00:55,052 INFO Connection check task start

2025-11-12 11:00:57,179 INFO ConnectionMetrics, totalCount = 0, detail = {long_connection=0, long_polling=0}

2025-11-12 11:00:57,281 INFO Long connection metrics detail ,Total count =0, sdkCount=0,clusterCount=0

2025-11-12 11:00:58,671 INFO Out dated connection ,size=0

2025-11-12 11:01:00,625 INFO Connection check task end

2025-11-12 11:01:01,745 INFO ConnectionMetrics, totalCount = 0, detail = {long_connection=0, long_polling=0}

2025-11-12 11:01:04,953 INFO Connection check task start

2025-11-12 11:01:05,803 INFO Long connection metrics detail ,Total count =0, sdkCount=0,clusterCount=0

2025-11-12 11:01:06,631 INFO Out dated connection ,size=0

2025-11-12 11:01:07,251 INFO Connection check task end

2025-11-12 11:01:06,462 INFO ConnectionMetrics, totalCount = 0, detail = {long_connection=0, long_polling=0}

2025-11-12 11:01:11,932 INFO Connection check task start

2025-11-12 11:01:11,817 INFO ConnectionMetrics, totalCount = 0, detail = {long_connection=0, long_polling=0}

2025-11-12 11:01:12,400 INFO Long connection metrics detail ,Total count =0, sdkCount=0,clusterCount=0

2025-11-12 11:01:13,247 INFO Out dated connection ,size=0

2025-11-12 11:01:15,599 INFO Connection check task end

2025-11-12 11:01:16,676 INFO ConnectionMetrics, totalCount = 0, detail = {long_connection=0, long_polling=0}

2025-11-12 11:02:32,689 INFO Fail to find connection runtime ejector for name nacos,use default

2025-11-12 11:02:33,693 INFO Connection check task start

2025-11-12 11:02:33,695 INFO Long connection metrics detail ,Total count =0, sdkCount=0,clusterCount=0

2025-11-12 11:02:33,697 INFO Out dated connection ,size=0

2025-11-12 11:02:33,708 INFO Connection check task end

2025-11-12 11:02:36,897 INFO Connection check task start

2025-11-12 11:02:37,245 INFO Long connection metrics detail ,Total count =0, sdkCount=0,clusterCount=0

2025-11-12 11:02:37,315 INFO Out dated connection ,size=0

2025-11-12 11:02:37,440 INFO Connection check task end

2025-11-12 11:02:40,663 INFO Connection check task start

2025-11-12 11:02:40,930 INFO Long connection metrics detail ,Total count =0, sdkCount=0,clusterCount=0

2025-11-12 11:02:41,131 INFO Out dated connection ,size=0

2025-11-12 11:02:41,812 INFO Connection check task end

2025-11-12 11:02:45,155 INFO Connection check task start

2025-11-12 11:02:45,718 INFO Long connection metrics detail ,Total count =0, sdkCount=0,clusterCount=0

2025-11-12 11:02:46,454 INFO Out dated connection ,size=0

2025-11-12 11:02:46,700 INFO Connection check task end

2025-11-12 11:02:51,926 INFO Connection check task start

2025-11-12 11:02:52,161 INFO Long connection metrics detail ,Total count =0, sdkCount=0,clusterCount=0

2025-11-12 11:02:52,278 INFO Out dated connection ,size=0

2025-11-12 11:02:52,284 INFO Connection check task end

2025-11-12 11:02:58,963 INFO Connection check task start

2025-11-12 11:02:59,154 INFO Long connection metrics detail ,Total count =0, sdkCount=0,clusterCount=0

2025-11-12 11:02:59,824 INFO Out dated connection ,size=0

2025-11-12 11:03:00,621 INFO Connection check task end

2025-11-12 11:03:44,028 INFO Fail to find connection runtime ejector for name nacos,use default

2025-11-12 11:03:45,043 INFO Connection check task start

2025-11-12 11:03:45,055 INFO Long connection metrics detail ,Total count =0, sdkCount=0,clusterCount=0

2025-11-12 11:03:45,056 INFO Out dated connection ,size=0

2025-11-12 11:03:45,056 INFO Connection check task end

2025-11-12 11:03:47,056 INFO ConnectionMetrics, totalCount = 0, detail = {long_connection=0, long_polling=0}

2025-11-12 11:03:48,120 INFO Connection check task start

2025-11-12 11:03:48,153 INFO Long connection metrics detail ,Total count =0, sdkCount=0,clusterCount=0

2025-11-12 11:03:48,167 INFO Out dated connection ,size=0

2025-11-12 11:03:48,238 INFO Connection check task end

2025-11-12 11:03:50,157 INFO ConnectionMetrics, totalCount = 0, detail = {long_connection=0, long_polling=0}

2025-11-12 11:03:51,269 INFO Connection check task start

2025-11-12 11:03:51,281 INFO Long connection metrics detail ,Total count =0, sdkCount=0,clusterCount=0

2025-11-12 11:03:51,331 INFO Out dated connection ,size=0

2025-11-12 11:03:51,351 INFO Connection check task end

2025-11-12 11:03:53,172 INFO ConnectionMetrics, totalCount = 0, detail = {long_connection=0, long_polling=0}

2025-11-12 11:03:54,458 INFO Connection check task start

2025-11-12 11:03:54,471 INFO Long connection metrics detail ,Total count =0, sdkCount=0,clusterCount=0

2025-11-12 11:03:54,495 INFO Out dated connection ,size=0

2025-11-12 11:03:54,549 INFO Connection check task end

2025-11-12 11:03:56,268 INFO ConnectionMetrics, totalCount = 0, detail = {long_connection=0, long_polling=0}

2025-11-12 11:03:57,735 INFO Connection check task start

2025-11-12 11:03:58,547 INFO Long connection metrics detail ,Total count =0, sdkCount=0,clusterCount=0

2025-11-12 11:03:58,551 INFO Out dated connection ,size=0

2025-11-12 11:03:58,692 INFO Connection check task end

2025-11-12 11:03:59,506 INFO ConnectionMetrics, totalCount = 0, detail = {long_connection=0, long_polling=0}

2025-11-12 11:04:02,180 INFO Connection check task start

2025-11-12 11:04:02,933 INFO ConnectionMetrics, totalCount = 0, detail = {long_connection=0, long_polling=0}

2025-11-12 11:04:02,696 INFO Long connection metrics detail ,Total count =0, sdkCount=0,clusterCount=0

2025-11-12 11:04:03,610 INFO Out dated connection ,size=0

2025-11-12 11:04:04,360 INFO Connection check task end

2025-11-12 11:04:07,074 INFO ConnectionMetrics, totalCount = 0, detail = {long_connection=0, long_polling=0}

2025-11-12 11:04:08,378 INFO Connection check task start

2025-11-12 11:04:11,080 INFO Long connection metrics detail ,Total count =0, sdkCount=0,clusterCount=0

2025-11-12 11:04:11,446 INFO ConnectionMetrics, totalCount = 0, detail = {long_connection=0, long_polling=0}

2025-11-12 11:04:13,400 INFO Out dated connection ,size=0

2025-11-12 11:04:14,229 INFO Connection check task end

2025-11-12 11:04:18,384 INFO Connection check task start

2025-11-12 11:08:53,145 INFO Fail to find connection runtime ejector for name nacos,use default

2025-11-12 11:08:54,160 INFO Connection check task start

2025-11-12 11:08:54,163 INFO Long connection metrics detail ,Total count =0, sdkCount=0,clusterCount=0

2025-11-12 11:08:54,175 INFO Out dated connection ,size=0

2025-11-12 11:08:54,189 INFO Connection check task end

2025-11-12 11:08:56,039 INFO ConnectionMetrics, totalCount = 0, detail = {long_connection=0, long_polling=0}

2025-11-12 11:08:57,302 INFO Connection check task start

2025-11-12 11:08:57,310 INFO Long connection metrics detail ,Total count =0, sdkCount=0,clusterCount=0

2025-11-12 11:08:57,330 INFO Out dated connection ,size=0

2025-11-12 11:08:57,333 INFO Connection check task end

2025-11-12 11:08:59,052 INFO ConnectionMetrics, totalCount = 0, detail = {long_connection=0, long_polling=0}

2025-11-12 11:09:00,338 INFO Connection check task start

2025-11-12 11:09:00,354 INFO Long connection metrics detail ,Total count =0, sdkCount=0,clusterCount=0

2025-11-12 11:09:00,372 INFO Out dated connection ,size=0

2025-11-12 11:09:00,385 INFO Connection check task end

2025-11-12 11:09:02,109 INFO ConnectionMetrics, totalCount = 0, detail = {long_connection=0, long_polling=0}

2025-11-12 11:09:03,389 INFO Connection check task start

2025-11-12 11:09:03,390 INFO Long connection metrics detail ,Total count =0, sdkCount=0,clusterCount=0

2025-11-12 11:09:03,390 INFO Out dated connection ,size=0

2025-11-12 11:09:03,391 INFO Connection check task end

2025-11-12 11:09:05,201 INFO ConnectionMetrics, totalCount = 0, detail = {long_connection=0, long_polling=0}

2025-11-12 11:09:06,410 INFO Connection check task start

2025-11-12 11:09:06,418 INFO Long connection metrics detail ,Total count =0, sdkCount=0,clusterCount=0

2025-11-12 11:09:06,459 INFO Out dated connection ,size=0

2025-11-12 11:09:06,486 INFO Connection check task end

2025-11-12 11:09:08,249 INFO ConnectionMetrics, totalCount = 0, detail = {long_connection=0, long_polling=0}

2025-11-12 11:09:09,559 INFO Connection check task start

2025-11-12 11:09:09,636 INFO Long connection metrics detail ,Total count =0, sdkCount=0,clusterCount=0

2025-11-12 11:09:09,666 INFO Out dated connection ,size=0

2025-11-12 11:09:09,682 INFO Connection check task end

2025-11-12 11:09:11,437 INFO ConnectionMetrics, totalCount = 0, detail = {long_connection=0, long_polling=0}

2025-11-12 11:09:12,713 INFO Connection check task start

2025-11-12 11:09:12,770 INFO Long connection metrics detail ,Total count =0, sdkCount=0,clusterCount=0

2025-11-12 11:09:12,832 INFO Out dated connection ,size=0

2025-11-12 11:09:12,839 INFO Connection check task end

2025-11-12 11:09:14,470 INFO ConnectionMetrics, totalCount = 0, detail = {long_connection=0, long_polling=0}

2025-11-12 11:09:15,848 INFO Connection check task start

2025-11-12 11:09:15,858 INFO Long connection metrics detail ,Total count =0, sdkCount=0,clusterCount=0

2025-11-12 11:09:15,864 INFO Out dated connection ,size=0

2025-11-12 11:09:15,877 INFO Connection check task end

2025-11-12 11:09:17,525 INFO ConnectionMetrics, totalCount = 0, detail = {long_connection=0, long_polling=0}

2025-11-12 11:09:18,961 INFO Connection check task start

2025-11-12 11:09:19,119 INFO Long connection metrics detail ,Total count =0, sdkCount=0,clusterCount=0

2025-11-12 11:09:19,181 INFO Out dated connection ,size=0

2025-11-12 11:09:19,190 INFO Connection check task end

2025-11-12 11:09:20,940 INFO ConnectionMetrics, totalCount = 0, detail = {long_connection=0, long_polling=0}

2025-11-12 11:09:22,232 INFO Connection check task start

2025-11-12 11:09:22,438 INFO Long connection metrics detail ,Total count =0, sdkCount=0,clusterCount=0

2025-11-12 11:09:22,504 INFO Out dated connection ,size=0

2025-11-12 11:09:22,517 INFO Connection check task end

2025-11-12 11:09:24,435 INFO ConnectionMetrics, totalCount = 0, detail = {long_connection=0, long_polling=0}

2025-11-12 11:09:25,563 INFO Connection check task start

2025-11-12 11:09:25,581 INFO Long connection metrics detail ,Total count =0, sdkCount=0,clusterCount=0

2025-11-12 11:09:25,652 INFO Out dated connection ,size=0

2025-11-12 11:09:25,666 INFO Connection check task end

2025-11-12 11:09:27,820 INFO ConnectionMetrics, totalCount = 0, detail = {long_connection=0, long_polling=0}

2025-11-12 11:09:28,691 INFO Connection check task start

2025-11-12 11:09:29,151 INFO Long connection metrics detail ,Total count =0, sdkCount=0,clusterCount=0

2025-11-12 11:09:30,263 INFO Out dated connection ,size=0

2025-11-12 11:09:30,335 INFO Connection check task end

2025-11-12 11:09:31,393 INFO ConnectionMetrics, totalCount = 0, detail = {long_connection=0, long_polling=0}

2025-11-12 11:09:33,655 INFO Connection check task start

2025-11-12 11:09:34,044 INFO Long connection metrics detail ,Total count =0, sdkCount=0,clusterCount=0

2025-11-12 11:09:34,426 INFO Out dated connection ,size=0

2025-11-12 11:09:35,007 INFO Connection check task end

2025-11-12 11:09:34,841 INFO ConnectionMetrics, totalCount = 0, detail = {long_connection=0, long_polling=0}

2025-11-12 11:09:38,216 INFO Connection check task start

2025-11-12 11:09:39,275 INFO Long connection metrics detail ,Total count =0, sdkCount=0,clusterCount=0

2025-11-12 11:09:39,572 INFO Out dated connection ,size=0

2025-11-12 11:09:39,949 INFO Connection check task end

2025-11-12 11:09:39,164 INFO ConnectionMetrics, totalCount = 0, detail = {long_connection=0, long_polling=0}

2025-11-12 11:09:43,659 INFO Connection check task start

2025-11-12 11:11:59,252 INFO Fail to find connection runtime ejector for name nacos,use default

2025-11-12 11:12:00,266 INFO Connection check task start

2025-11-12 11:12:00,290 INFO Long connection metrics detail ,Total count =0, sdkCount=0,clusterCount=0

2025-11-12 11:12:00,311 INFO Out dated connection ,size=0

2025-11-12 11:12:00,332 INFO Connection check task end

2025-11-12 11:12:02,405 INFO ConnectionMetrics, totalCount = 0, detail = {long_connection=0, long_polling=0}

2025-11-12 11:12:03,735 INFO Connection check task start

2025-11-12 11:12:03,736 INFO Long connection metrics detail ,Total count =0, sdkCount=0,clusterCount=0

2025-11-12 11:12:03,739 INFO Out dated connection ,size=0

2025-11-12 11:12:03,741 INFO Connection check task end

2025-11-12 11:12:05,451 INFO ConnectionMetrics, totalCount = 0, detail = {long_connection=0, long_polling=0}

2025-11-12 11:12:06,745 INFO Connection check task start

2025-11-12 11:12:06,762 INFO Long connection metrics detail ,Total count =0, sdkCount=0,clusterCount=0

2025-11-12 11:12:06,777 INFO Out dated connection ,size=0

2025-11-12 11:12:06,784 INFO Connection check task end

2025-11-12 11:12:08,925 INFO ConnectionMetrics, totalCount = 0, detail = {long_connection=0, long_polling=0}

2025-11-12 11:12:09,802 INFO Connection check task start

2025-11-12 11:12:09,844 INFO Long connection metrics detail ,Total count =0, sdkCount=0,clusterCount=0

2025-11-12 11:12:09,854 INFO Out dated connection ,size=0

2025-11-12 11:12:09,856 INFO Connection check task end

2025-11-12 11:12:12,120 INFO ConnectionMetrics, totalCount = 0, detail = {long_connection=0, long_polling=0}

2025-11-12 11:12:12,960 INFO Connection check task start

2025-11-12 11:12:13,186 INFO Long connection metrics detail ,Total count =0, sdkCount=0,clusterCount=0

2025-11-12 11:12:13,237 INFO Out dated connection ,size=0

2025-11-12 11:12:13,244 INFO Connection check task end

2025-11-12 11:12:15,222 INFO ConnectionMetrics, totalCount = 0, detail = {long_connection=0, long_polling=0}

2025-11-12 11:12:16,288 INFO Connection check task start

2025-11-12 11:12:16,330 INFO Long connection metrics detail ,Total count =0, sdkCount=0,clusterCount=0

2025-11-12 11:12:16,344 INFO Out dated connection ,size=0

2025-11-12 11:12:16,346 INFO Connection check task end

2025-11-12 11:12:18,284 INFO ConnectionMetrics, totalCount = 0, detail = {long_connection=0, long_polling=0}

2025-11-12 11:12:19,370 INFO Connection check task start

2025-11-12 11:12:19,739 INFO Long connection metrics detail ,Total count =0, sdkCount=0,clusterCount=0

2025-11-12 11:12:19,805 INFO Out dated connection ,size=0

2025-11-12 11:12:19,812 INFO Connection check task end

2025-11-12 11:12:21,319 INFO ConnectionMetrics, totalCount = 0, detail = {long_connection=0, long_polling=0}

2025-11-12 11:12:22,824 INFO Connection check task start

2025-11-12 11:12:22,864 INFO Long connection metrics detail ,Total count =0, sdkCount=0,clusterCount=0

2025-11-12 11:12:22,875 INFO Out dated connection ,size=0

2025-11-12 11:12:22,883 INFO Connection check task end

2025-11-12 11:12:24,443 INFO ConnectionMetrics, totalCount = 0, detail = {long_connection=0, long_polling=0}

2025-11-12 11:12:26,080 INFO Connection check task start

2025-11-12 11:12:26,214 INFO Long connection metrics detail ,Total count =0, sdkCount=0,clusterCount=0

2025-11-12 11:12:26,248 INFO Out dated connection ,size=0

2025-11-12 11:12:26,253 INFO Connection check task end

2025-11-12 11:12:27,735 INFO ConnectionMetrics, totalCount = 0, detail = {long_connection=0, long_polling=0}

2025-11-12 11:12:29,282 INFO Connection check task start

2025-11-12 11:12:29,406 INFO Long connection metrics detail ,Total count =0, sdkCount=0,clusterCount=0

2025-11-12 11:12:29,467 INFO Out dated connection ,size=0

2025-11-12 11:12:29,686 INFO Connection check task end

2025-11-12 11:12:31,008 INFO ConnectionMetrics, totalCount = 0, detail = {long_connection=0, long_polling=0}

2025-11-12 11:12:32,986 INFO Connection check task start

2025-11-12 11:12:33,150 INFO Long connection metrics detail ,Total count =0, sdkCount=0,clusterCount=0

2025-11-12 11:12:33,183 INFO Out dated connection ,size=0

2025-11-12 11:12:33,320 INFO Connection check task end

2025-11-12 11:12:36,273 INFO ConnectionMetrics, totalCount = 0, detail = {long_connection=0, long_polling=0}

2025-11-12 11:12:36,377 INFO Connection check task start

2025-11-12 11:12:36,490 INFO Long connection metrics detail ,Total count =0, sdkCount=0,clusterCount=0

2025-11-12 11:12:36,608 INFO Out dated connection ,size=0

2025-11-12 11:12:36,756 INFO Connection check task end

2025-11-12 11:12:39,327 INFO ConnectionMetrics, totalCount = 0, detail = {long_connection=0, long_polling=0}

2025-11-12 11:12:39,878 INFO Connection check task start

2025-11-12 11:12:39,908 INFO Long connection metrics detail ,Total count =0, sdkCount=0,clusterCount=0

2025-11-12 11:12:39,961 INFO Out dated connection ,size=0

2025-11-12 11:12:39,963 INFO Connection check task end

2025-11-12 11:12:42,420 INFO ConnectionMetrics, totalCount = 0, detail = {long_connection=0, long_polling=0}

2025-11-12 11:12:43,031 INFO Connection check task start

2025-11-12 11:12:43,049 INFO Long connection metrics detail ,Total count =0, sdkCount=0,clusterCount=0

2025-11-12 11:12:43,051 INFO Out dated connection ,size=0

2025-11-12 11:12:43,059 INFO Connection check task end

2025-11-12 11:12:45,686 INFO ConnectionMetrics, totalCount = 0, detail = {long_connection=0, long_polling=0}

2025-11-12 11:12:48,371 INFO Connection check task start

2025-11-12 11:12:48,441 INFO Long connection metrics detail ,Total count =0, sdkCount=0,clusterCount=0

2025-11-12 11:12:48,562 INFO Out dated connection ,size=0

2025-11-12 11:12:48,648 INFO Connection check task end

2025-11-12 11:12:48,826 INFO ConnectionMetrics, totalCount = 0, detail = {long_connection=0, long_polling=0}

2025-11-12 11:12:51,828 INFO Connection check task start

2025-11-12 11:12:51,874 INFO Long connection metrics detail ,Total count =0, sdkCount=0,clusterCount=0

2025-11-12 11:12:51,903 INFO Out dated connection ,size=0

2025-11-12 11:12:51,900 INFO ConnectionMetrics, totalCount = 0, detail = {long_connection=0, long_polling=0}

2025-11-12 11:12:51,956 INFO Connection check task end

2025-11-12 11:12:55,157 INFO Connection check task start

2025-11-12 11:12:55,252 INFO Long connection metrics detail ,Total count =0, sdkCount=0,clusterCount=0

2025-11-12 11:12:55,263 INFO Out dated connection ,size=0

2025-11-12 11:12:55,269 INFO Connection check task end

2025-11-12 11:12:55,261 INFO ConnectionMetrics, totalCount = 0, detail = {long_connection=0, long_polling=0}

2025-11-12 11:12:58,277 INFO Connection check task start

2025-11-12 11:12:58,511 INFO Long connection metrics detail ,Total count =0, sdkCount=0,clusterCount=0

2025-11-12 11:12:58,679 INFO Out dated connection ,size=0

2025-11-12 11:12:58,909 INFO Connection check task end

2025-11-12 11:12:58,997 INFO ConnectionMetrics, totalCount = 0, detail = {long_connection=0, long_polling=0}

2025-11-12 11:13:02,053 INFO Connection check task start

2025-11-12 11:13:02,253 INFO Long connection metrics detail ,Total count =0, sdkCount=0,clusterCount=0

2025-11-12 11:13:02,428 INFO Out dated connection ,size=0

2025-11-12 11:13:02,642 INFO Connection check task end

2025-11-12 11:13:03,138 INFO ConnectionMetrics, totalCount = 0, detail = {long_connection=0, long_polling=0}

2025-11-12 11:13:05,878 INFO Connection check task start

2025-11-12 11:13:06,298 INFO Long connection metrics detail ,Total count =0, sdkCount=0,clusterCount=0

2025-11-12 11:13:06,723 INFO Out dated connection ,size=0

2025-11-12 11:13:07,045 INFO Connection check task end

2025-11-12 11:13:06,866 INFO ConnectionMetrics, totalCount = 0, detail = {long_connection=0, long_polling=0}

2025-11-12 11:13:10,198 INFO Connection check task start

2025-11-12 11:13:10,513 INFO Long connection metrics detail ,Total count =0, sdkCount=0,clusterCount=0

2025-11-12 11:13:10,764 INFO Out dated connection ,size=0

2025-11-12 11:13:10,859 INFO Connection check task end

2025-11-12 11:13:10,772 INFO ConnectionMetrics, totalCount = 0, detail = {long_connection=0, long_polling=0}

2025-11-12 11:13:14,176 INFO Connection check task start

2025-11-12 11:13:14,467 INFO Long connection metrics detail ,Total count =0, sdkCount=0,clusterCount=0

2025-11-12 11:13:14,567 INFO Out dated connection ,size=0

2025-11-12 11:13:14,786 INFO Connection check task end

2025-11-12 11:13:15,783 INFO ConnectionMetrics, totalCount = 0, detail = {long_connection=0, long_polling=0}

2025-11-12 11:13:18,342 INFO Connection check task start

2025-11-12 11:13:18,577 INFO Long connection metrics detail ,Total count =0, sdkCount=0,clusterCount=0

2025-11-12 11:13:19,004 INFO Out dated connection ,size=0

2025-11-12 11:13:19,232 INFO Connection check task end

2025-11-12 11:13:19,653 INFO ConnectionMetrics, totalCount = 0, detail = {long_connection=0, long_polling=0}

2025-11-12 11:13:22,243 INFO Connection check task start

2025-11-12 11:13:22,499 INFO Long connection metrics detail ,Total count =0, sdkCount=0,clusterCount=0

2025-11-12 11:13:22,790 INFO Out dated connection ,size=0

2025-11-12 11:13:23,140 INFO ConnectionMetrics, totalCount = 0, detail = {long_connection=0, long_polling=0}

2025-11-12 11:13:23,266 INFO Connection check task end

2025-11-12 11:13:26,912 INFO Connection check task start

2025-11-12 11:13:26,737 INFO ConnectionMetrics, totalCount = 0, detail = {long_connection=0, long_polling=0}

2025-11-12 11:13:28,370 INFO Long connection metrics detail ,Total count =0, sdkCount=0,clusterCount=0

2025-11-12 11:13:29,248 INFO Out dated connection ,size=0

2025-11-12 11:13:29,503 INFO Connection check task end

2025-11-12 11:13:31,799 INFO ConnectionMetrics, totalCount = 0, detail = {long_connection=0, long_polling=0}

2025-11-12 11:13:32,621 INFO Connection check task start

2025-11-12 11:13:33,051 INFO Long connection metrics detail ,Total count =0, sdkCount=0,clusterCount=0

2025-11-12 11:13:33,427 INFO Out dated connection ,size=0

2025-11-12 11:13:33,518 INFO Connection check task end

2025-11-12 11:13:35,433 INFO ConnectionMetrics, totalCount = 0, detail = {long_connection=0, long_polling=0}

2025-11-12 11:13:35,519 INFO Connection check task start

2025-11-12 11:13:36,364 INFO Long connection metrics detail ,Total count =0, sdkCount=0,clusterCount=0

2025-11-12 11:16:09,547 INFO Fail to find connection runtime ejector for name nacos,use default

2025-11-12 11:16:10,603 INFO Connection check task start

2025-11-12 11:16:10,653 INFO Long connection metrics detail ,Total count =0, sdkCount=0,clusterCount=0

2025-11-12 11:16:10,693 INFO Out dated connection ,size=0

2025-11-12 11:16:10,723 INFO Connection check task end

2025-11-12 11:16:12,512 INFO ConnectionMetrics, totalCount = 0, detail = {long_connection=0, long_polling=0}

2025-11-12 11:16:14,007 INFO Connection check task start

2025-11-12 11:16:14,096 INFO Long connection metrics detail ,Total count =0, sdkCount=0,clusterCount=0

2025-11-12 11:16:14,139 INFO Out dated connection ,size=0

2025-11-12 11:16:14,161 INFO Connection check task end

2025-11-12 11:16:15,657 INFO ConnectionMetrics, totalCount = 0, detail = {long_connection=0, long_polling=0}

2025-11-12 11:16:17,200 INFO Connection check task start

2025-11-12 11:16:17,239 INFO Long connection metrics detail ,Total count =0, sdkCount=0,clusterCount=0

2025-11-12 11:16:17,250 INFO Out dated connection ,size=0

2025-11-12 11:16:17,252 INFO Connection check task end

2025-11-12 11:16:18,702 INFO ConnectionMetrics, totalCount = 0, detail = {long_connection=0, long_polling=0}

2025-11-12 11:16:20,261 INFO Connection check task start

2025-11-12 11:16:20,264 INFO Long connection metrics detail ,Total count =0, sdkCount=0,clusterCount=0

2025-11-12 11:16:20,287 INFO Out dated connection ,size=0

2025-11-12 11:16:20,312 INFO Connection check task end

2025-11-12 11:16:21,803 INFO ConnectionMetrics, totalCount = 0, detail = {long_connection=0, long_polling=0}

2025-11-12 11:16:23,360 INFO Connection check task start

2025-11-12 11:16:23,375 INFO Long connection metrics detail ,Total count =0, sdkCount=0,clusterCount=0

2025-11-12 11:16:23,378 INFO Out dated connection ,size=0

2025-11-12 11:16:23,385 INFO Connection check task end

2025-11-12 11:16:25,083 INFO ConnectionMetrics, totalCount = 0, detail = {long_connection=0, long_polling=0}

2025-11-12 11:16:26,392 INFO Connection check task start

2025-11-12 11:16:26,406 INFO Long connection metrics detail ,Total count =0, sdkCount=0,clusterCount=0

2025-11-12 11:16:26,428 INFO Out dated connection ,size=0

2025-11-12 11:16:26,430 INFO Connection check task end

2025-11-12 11:16:28,086 INFO ConnectionMetrics, totalCount = 0, detail = {long_connection=0, long_polling=0}

2025-11-12 11:16:29,456 INFO Connection check task start

2025-11-12 11:16:29,575 INFO Long connection metrics detail ,Total count =0, sdkCount=0,clusterCount=0

2025-11-12 11:16:29,642 INFO Out dated connection ,size=0

2025-11-12 11:16:29,665 INFO Connection check task end

2025-11-12 11:16:31,392 INFO ConnectionMetrics, totalCount = 0, detail = {long_connection=0, long_polling=0}

2025-11-12 11:16:32,702 INFO Connection check task start

2025-11-12 11:16:32,962 INFO Long connection metrics detail ,Total count =0, sdkCount=0,clusterCount=0

2025-11-12 11:16:33,174 INFO Out dated connection ,size=0

2025-11-12 11:16:33,366 INFO Connection check task end

2025-11-12 11:16:35,334 INFO ConnectionMetrics, totalCount = 0, detail = {long_connection=0, long_polling=0}

2025-11-12 11:16:36,622 INFO Connection check task start

2025-11-12 11:16:39,574 INFO Long connection metrics detail ,Total count =0, sdkCount=0,clusterCount=0

2025-11-12 11:16:39,958 INFO ConnectionMetrics, totalCount = 0, detail = {long_connection=0, long_polling=0}

2025-11-12 11:16:39,953 INFO Out dated connection ,size=0

2025-11-12 11:16:40,517 INFO Connection check task end

2025-11-12 11:16:43,271 INFO ConnectionMetrics, totalCount = 0, detail = {long_connection=0, long_polling=0}

2025-11-12 11:16:43,607 INFO Connection check task start

2025-11-12 11:16:43,706 INFO Long connection metrics detail ,Total count =0, sdkCount=0,clusterCount=0

2025-11-12 11:16:43,859 INFO Out dated connection ,size=0

2025-11-12 11:16:43,957 INFO Connection check task end

2025-11-12 11:16:46,659 INFO ConnectionMetrics, totalCount = 0, detail = {long_connection=0, long_polling=0}

2025-11-12 11:16:47,330 INFO Connection check task start

2025-11-12 11:16:48,828 INFO Long connection metrics detail ,Total count =0, sdkCount=0,clusterCount=0

2025-11-12 11:16:48,903 INFO Out dated connection ,size=0

2025-11-12 11:16:49,089 INFO Connection check task end

2025-11-12 11:16:50,251 INFO ConnectionMetrics, totalCount = 0, detail = {long_connection=0, long_polling=0}

2025-11-12 11:16:52,418 INFO Connection check task start

2025-11-12 11:16:52,610 INFO Long connection metrics detail ,Total count =0, sdkCount=0,clusterCount=0

2025-11-12 11:16:52,812 INFO Out dated connection ,size=0

2025-11-12 11:16:52,941 INFO Connection check task end

2025-11-12 11:16:53,722 INFO ConnectionMetrics, totalCount = 0, detail = {long_connection=0, long_polling=0}

2025-11-12 11:16:55,967 INFO Connection check task start

2025-11-12 11:16:56,153 INFO Long connection metrics detail ,Total count =0, sdkCount=0,clusterCount=0

2025-11-12 11:16:56,309 INFO Out dated connection ,size=0

2025-11-12 11:16:56,371 INFO Connection check task end

2025-11-12 11:16:57,011 INFO ConnectionMetrics, totalCount = 0, detail = {long_connection=0, long_polling=0}

2025-11-12 11:16:59,434 INFO Connection check task start

2025-11-12 11:16:59,767 INFO Long connection metrics detail ,Total count =0, sdkCount=0,clusterCount=0

2025-11-12 11:16:59,783 INFO Out dated connection ,size=0

2025-11-12 11:16:59,909 INFO Connection check task end

2025-11-12 11:17:00,433 INFO ConnectionMetrics, totalCount = 0, detail = {long_connection=0, long_polling=0}

2025-11-12 11:17:02,982 INFO Connection check task start

2025-11-12 11:17:03,093 INFO Long connection metrics detail ,Total count =0, sdkCount=0,clusterCount=0

2025-11-12 11:17:03,311 INFO Out dated connection ,size=0

2025-11-12 11:17:03,377 INFO Connection check task end

2025-11-12 11:17:03,940 INFO ConnectionMetrics, totalCount = 0, detail = {long_connection=0, long_polling=0}

2025-11-12 11:17:06,541 INFO Connection check task start

2025-11-12 11:17:06,756 INFO Long connection metrics detail ,Total count =0, sdkCount=0,clusterCount=0

2025-11-12 11:17:06,973 INFO Out dated connection ,size=0

2025-11-12 11:17:07,017 INFO Connection check task end

2025-11-12 11:17:07,176 INFO ConnectionMetrics, totalCount = 0, detail = {long_connection=0, long_polling=0}

2025-11-12 11:17:10,189 INFO Connection check task start

2025-11-12 11:17:10,913 INFO Long connection metrics detail ,Total count =0, sdkCount=0,clusterCount=0

2025-11-12 11:17:11,044 INFO ConnectionMetrics, totalCount = 0, detail = {long_connection=0, long_polling=0}

2025-11-12 11:17:11,321 INFO Out dated connection ,size=0

2025-11-12 11:17:13,056 INFO Connection check task end

2025-11-12 11:17:14,867 INFO ConnectionMetrics, totalCount = 0, detail = {long_connection=0, long_polling=0}

2025-11-12 11:17:16,366 INFO Connection check task start

2025-11-12 11:17:16,539 INFO Long connection metrics detail ,Total count =0, sdkCount=0,clusterCount=0

2025-11-12 11:17:16,757 INFO Out dated connection ,size=0

2025-11-12 11:17:17,035 INFO Connection check task end

2025-11-12 11:17:18,110 INFO ConnectionMetrics, totalCount = 0, detail = {long_connection=0, long_polling=0}

2025-11-12 11:17:20,171 INFO Connection check task start

2025-11-12 11:17:20,472 INFO Long connection metrics detail ,Total count =0, sdkCount=0,clusterCount=0

2025-11-12 11:17:20,712 INFO Out dated connection ,size=0

2025-11-12 11:17:20,838 INFO Connection check task end

2025-11-12 11:17:21,449 INFO ConnectionMetrics, totalCount = 0, detail = {long_connection=0, long_polling=0}

2025-11-12 11:17:24,807 INFO Connection check task start

2025-11-12 11:17:24,845 INFO Long connection metrics detail ,Total count =0, sdkCount=0,clusterCount=0

2025-11-12 11:17:24,900 INFO Out dated connection ,size=0

2025-11-12 11:17:25,001 INFO Connection check task end

2025-11-12 11:17:27,751 INFO ConnectionMetrics, totalCount = 0, detail = {long_connection=0, long_polling=0}

2025-11-12 11:17:28,049 INFO Connection check task start

2025-11-12 11:17:28,113 INFO Long connection metrics detail ,Total count =0, sdkCount=0,clusterCount=0

2025-11-12 11:17:28,249 INFO Out dated connection ,size=0

2025-11-12 11:17:28,454 INFO Connection check task end

2025-11-12 11:17:31,095 INFO ConnectionMetrics, totalCount = 0, detail = {long_connection=0, long_polling=0}

2025-11-12 11:17:31,459 INFO Connection check task start

2025-11-12 11:17:31,511 INFO Long connection metrics detail ,Total count =0, sdkCount=0,clusterCount=0

2025-11-12 11:17:31,675 INFO Out dated connection ,size=0

2025-11-12 11:17:31,708 INFO Connection check task end

2025-11-12 11:17:34,288 INFO ConnectionMetrics, totalCount = 0, detail = {long_connection=0, long_polling=0}

2025-11-12 11:17:34,884 INFO Connection check task start

2025-11-12 11:17:35,048 INFO Long connection metrics detail ,Total count =0, sdkCount=0,clusterCount=0

2025-11-12 11:17:35,134 INFO Out dated connection ,size=0

2025-11-12 11:17:35,348 INFO Connection check task end

2025-11-12 11:17:37,422 INFO ConnectionMetrics, totalCount = 0, detail = {long_connection=0, long_polling=0}

2025-11-12 11:17:38,800 INFO Connection check task start

2025-11-12 11:17:39,016 INFO Long connection metrics detail ,Total count =0, sdkCount=0,clusterCount=0

2025-11-12 11:17:39,334 INFO Out dated connection ,size=0

2025-11-12 11:17:39,435 INFO Connection check task end

2025-11-12 11:17:40,720 INFO ConnectionMetrics, totalCount = 0, detail = {long_connection=0, long_polling=0}

2025-11-12 11:17:42,543 INFO Connection check task start

2025-11-12 11:17:42,758 INFO Long connection metrics detail ,Total count =0, sdkCount=0,clusterCount=0

2025-11-12 11:17:43,163 INFO Out dated connection ,size=0

2025-11-12 11:17:43,392 INFO Connection check task end

2025-11-12 11:17:43,842 INFO ConnectionMetrics, totalCount = 0, detail = {long_connection=0, long_polling=0}

2025-11-12 11:17:46,484 INFO Connection check task start

2025-11-12 11:17:46,568 INFO Long connection metrics detail ,Total count =0, sdkCount=0,clusterCount=0

2025-11-12 11:17:46,594 INFO Out dated connection ,size=0

2025-11-12 11:17:46,620 INFO Connection check task end

2025-11-12 11:17:47,075 INFO ConnectionMetrics, totalCount = 0, detail = {long_connection=0, long_polling=0}

2025-11-12 11:17:49,672 INFO Connection check task start

2025-11-12 11:17:49,706 INFO Long connection metrics detail ,Total count =0, sdkCount=0,clusterCount=0

2025-11-12 11:17:49,730 INFO Out dated connection ,size=0

2025-11-12 11:17:49,767 INFO Connection check task end

2025-11-12 11:17:50,500 INFO ConnectionMetrics, totalCount = 0, detail = {long_connection=0, long_polling=0}

2025-11-12 11:17:52,782 INFO Connection check task start

2025-11-12 11:17:52,828 INFO Long connection metrics detail ,Total count =0, sdkCount=0,clusterCount=0

2025-11-12 11:17:52,839 INFO Out dated connection ,size=0

2025-11-12 11:17:52,842 INFO Connection check task end

2025-11-12 11:17:53,715 INFO ConnectionMetrics, totalCount = 0, detail = {long_connection=0, long_polling=0}

2025-11-12 11:17:55,908 INFO Connection check task start

2025-11-12 11:17:56,034 INFO Long connection metrics detail ,Total count =0, sdkCount=0,clusterCount=0

2025-11-12 11:17:56,114 INFO Out dated connection ,size=0

2025-11-12 11:17:56,154 INFO Connection check task end

2025-11-12 11:17:56,789 INFO ConnectionMetrics, totalCount = 0, detail = {long_connection=0, long_polling=0}

2025-11-12 11:17:59,213 INFO Connection check task start

2025-11-12 11:17:59,350 INFO Long connection metrics detail ,Total count =0, sdkCount=0,clusterCount=0

2025-11-12 11:17:59,555 INFO Out dated connection ,size=0

2025-11-12 11:17:59,731 INFO Connection check task end

2025-11-12 11:18:00,514 INFO ConnectionMetrics, totalCount = 0, detail = {long_connection=0, long_polling=0}

2025-11-12 11:18:02,992 INFO Connection check task start

2025-11-12 11:18:03,767 INFO Long connection metrics detail ,Total count =0, sdkCount=0,clusterCount=0

2025-11-12 11:18:04,337 INFO Out dated connection ,size=0

2025-11-12 11:18:04,637 INFO Connection check task end

2025-11-12 11:18:04,498 INFO ConnectionMetrics, totalCount = 0, detail = {long_connection=0, long_polling=0}

2025-11-12 11:18:07,766 INFO Connection check task start

2025-11-12 11:18:07,877 INFO ConnectionMetrics, totalCount = 0, detail = {long_connection=0, long_polling=0}

2025-11-12 11:18:07,883 INFO Long connection metrics detail ,Total count =0, sdkCount=0,clusterCount=0

2025-11-12 11:18:08,890 INFO Out dated connection ,size=0

2025-11-12 11:18:09,481 INFO Connection check task end

2025-11-12 11:18:11,095 INFO ConnectionMetrics, totalCount = 0, detail = {long_connection=0, long_polling=0}

2025-11-12 11:18:12,572 INFO Connection check task start

2025-11-12 11:18:12,609 INFO Long connection metrics detail ,Total count =0, sdkCount=0,clusterCount=0

2025-11-12 11:18:12,792 INFO Out dated connection ,size=0

2025-11-12 11:18:13,033 INFO Connection check task end

2025-11-12 11:18:14,597 INFO ConnectionMetrics, totalCount = 0, detail = {long_connection=0, long_polling=0}

2025-11-12 11:18:16,112 INFO Connection check task start

2025-11-12 11:18:16,297 INFO Long connection metrics detail ,Total count =0, sdkCount=0,clusterCount=0

2025-11-12 11:18:16,889 INFO Out dated connection ,size=0

2025-11-12 11:18:17,040 INFO Connection check task end

2025-11-12 11:18:18,352 INFO ConnectionMetrics, totalCount = 0, detail = {long_connection=0, long_polling=0}

2025-11-12 11:18:20,249 INFO Connection check task start

2025-11-12 11:18:20,330 INFO Long connection metrics detail ,Total count =0, sdkCount=0,clusterCount=0

2025-11-12 11:18:20,437 INFO Out dated connection ,size=0

2025-11-12 11:18:20,584 INFO Connection check task end

2025-11-12 11:18:21,535 INFO ConnectionMetrics, totalCount = 0, detail = {long_connection=0, long_polling=0}

2025-11-12 11:18:23,729 INFO Connection check task start

2025-11-12 11:18:23,815 INFO Long connection metrics detail ,Total count =0, sdkCount=0,clusterCount=0

2025-11-12 11:18:23,951 INFO Out dated connection ,size=0

2025-11-12 11:18:24,006 INFO Connection check task end

2025-11-12 11:18:24,626 INFO ConnectionMetrics, totalCount = 0, detail = {long_connection=0, long_polling=0}

2025-11-12 11:18:27,157 INFO Connection check task start

2025-11-12 11:18:27,536 INFO Long connection metrics detail ,Total count =0, sdkCount=0,clusterCount=0

2025-11-12 11:18:27,712 INFO Out dated connection ,size=0

2025-11-12 11:18:27,846 INFO Connection check task end

2025-11-12 11:18:27,852 INFO ConnectionMetrics, totalCount = 0, detail = {long_connection=0, long_polling=0}

2025-11-12 11:18:30,898 INFO Connection check task start

2025-11-12 11:18:31,005 INFO ConnectionMetrics, totalCount = 0, detail = {long_connection=0, long_polling=0}

2025-11-12 11:18:30,928 INFO Long connection metrics detail ,Total count =0, sdkCount=0,clusterCount=0

2025-11-12 11:18:31,289 INFO Out dated connection ,size=0

2025-11-12 11:18:31,293 INFO Connection check task end

2025-11-12 11:18:34,322 INFO Connection check task start

2025-11-12 11:18:34,547 INFO ConnectionMetrics, totalCount = 0, detail = {long_connection=0, long_polling=0}

2025-11-12 11:18:34,644 INFO Long connection metrics detail ,Total count =0, sdkCount=0,clusterCount=0

2025-11-12 11:18:35,865 INFO Out dated connection ,size=0

2025-11-12 11:18:35,868 INFO Connection check task end

2025-11-12 11:18:38,045 INFO ConnectionMetrics, totalCount = 0, detail = {long_connection=0, long_polling=0}

2025-11-12 11:18:38,872 INFO Connection check task start

2025-11-12 11:18:38,999 INFO Long connection metrics detail ,Total count =0, sdkCount=0,clusterCount=0

2025-11-12 11:18:39,122 INFO Out dated connection ,size=0

2025-11-12 11:18:39,442 INFO Connection check task end

2025-11-12 11:18:41,709 INFO ConnectionMetrics, totalCount = 0, detail = {long_connection=0, long_polling=0}

2025-11-12 11:18:42,933 INFO Connection check task start

2025-11-12 11:18:43,159 INFO Long connection metrics detail ,Total count =0, sdkCount=0,clusterCount=0

2025-11-12 11:18:43,461 INFO Out dated connection ,size=0

2025-11-12 11:18:43,593 INFO Connection check task end

2025-11-12 11:18:45,192 INFO ConnectionMetrics, totalCount = 0, detail = {long_connection=0, long_polling=0}

2025-11-12 11:18:46,830 INFO Connection check task start

2025-11-12 11:18:47,064 INFO Long connection metrics detail ,Total count =0, sdkCount=0,clusterCount=0

2025-11-12 11:18:47,474 INFO Out dated connection ,size=0

2025-11-12 11:18:47,593 INFO Connection check task end

2025-11-12 11:18:48,528 INFO ConnectionMetrics, totalCount = 0, detail = {long_connection=0, long_polling=0}

2025-11-12 11:18:50,801 INFO Connection check task start

2025-11-12 11:18:50,998 INFO Long connection metrics detail ,Total count =0, sdkCount=0,clusterCount=0

2025-11-12 11:18:51,378 INFO Out dated connection ,size=0

2025-11-12 11:18:51,584 INFO Connection check task end

2025-11-12 11:18:51,852 INFO ConnectionMetrics, totalCount = 0, detail = {long_connection=0, long_polling=0}

2025-11-12 11:18:54,798 INFO Connection check task start

2025-11-12 11:18:54,844 INFO Long connection metrics detail ,Total count =0, sdkCount=0,clusterCount=0

2025-11-12 11:18:55,036 INFO ConnectionMetrics, totalCount = 0, detail = {long_connection=0, long_polling=0}

2025-11-12 11:18:55,002 INFO Out dated connection ,size=0

2025-11-12 11:18:55,266 INFO Connection check task end

2025-11-12 11:18:58,079 INFO ConnectionMetrics, totalCount = 0, detail = {long_connection=0, long_polling=0}

2025-11-12 11:18:58,338 INFO Connection check task start

2025-11-12 11:18:58,416 INFO Long connection metrics detail ,Total count =0, sdkCount=0,clusterCount=0

2025-11-12 11:18:58,466 INFO Out dated connection ,size=0

2025-11-12 11:18:58,516 INFO Connection check task end

2025-11-12 11:19:01,232 INFO ConnectionMetrics, totalCount = 0, detail = {long_connection=0, long_polling=0}

2025-11-12 11:19:01,645 INFO Connection check task start

2025-11-12 11:19:01,710 INFO Long connection metrics detail ,Total count =0, sdkCount=0,clusterCount=0

2025-11-12 11:19:01,772 INFO Out dated connection ,size=0

2025-11-12 11:19:01,814 INFO Connection check task end

2025-11-12 11:19:04,463 INFO ConnectionMetrics, totalCount = 0, detail = {long_connection=0, long_polling=0}

2025-11-12 11:19:04,898 INFO Connection check task start

2025-11-12 11:19:05,020 INFO Long connection metrics detail ,Total count =0, sdkCount=0,clusterCount=0

2025-11-12 11:19:05,055 INFO Out dated connection ,size=0

2025-11-12 11:19:05,117 INFO Connection check task end

2025-11-12 11:19:07,688 INFO ConnectionMetrics, totalCount = 0, detail = {long_connection=0, long_polling=0}

2025-11-12 11:19:08,253 INFO Connection check task start

2025-11-12 11:19:08,461 INFO Long connection metrics detail ,Total count =0, sdkCount=0,clusterCount=0

2025-11-12 11:19:08,745 INFO Out dated connection ,size=0

2025-11-12 11:19:08,951 INFO Connection check task end

2025-11-12 11:19:11,049 INFO ConnectionMetrics, totalCount = 0, detail = {long_connection=0, long_polling=0}

2025-11-12 11:19:12,204 INFO Connection check task start

2025-11-12 11:19:12,350 INFO Long connection metrics detail ,Total count =0, sdkCount=0,clusterCount=0

2025-11-12 11:19:12,762 INFO Out dated connection ,size=0

2025-11-12 11:19:12,797 INFO Connection check task end

2025-11-12 11:19:14,786 INFO ConnectionMetrics, totalCount = 0, detail = {long_connection=0, long_polling=0}

2025-11-12 11:19:15,838 INFO Connection check task start

2025-11-12 11:19:16,085 INFO Long connection metrics detail ,Total count =0, sdkCount=0,clusterCount=0

2025-11-12 11:19:16,154 INFO Out dated connection ,size=0

2025-11-12 11:19:16,335 INFO Connection check task end

2025-11-12 11:19:18,742 INFO ConnectionMetrics, totalCount = 0, detail = {long_connection=0, long_polling=0}

2025-11-12 11:19:19,554 INFO Connection check task start

2025-11-12 11:19:19,878 INFO Long connection metrics detail ,Total count =0, sdkCount=0,clusterCount=0

2025-11-12 11:19:20,012 INFO Out dated connection ,size=0

2025-11-12 11:19:20,378 INFO Connection check task end

2025-11-12 11:19:21,924 INFO ConnectionMetrics, totalCount = 0, detail = {long_connection=0, long_polling=0}

2025-11-12 11:19:23,607 INFO Connection check task start

2025-11-12 11:19:23,743 INFO Long connection metrics detail ,Total count =0, sdkCount=0,clusterCount=0

2025-11-12 11:19:24,369 INFO Out dated connection ,size=0

2025-11-12 11:19:24,525 INFO Connection check task end

2025-11-12 11:19:25,398 INFO ConnectionMetrics, totalCount = 0, detail = {long_connection=0, long_polling=0}

2025-11-12 11:19:27,650 INFO Connection check task start

2025-11-12 11:19:27,719 INFO Long connection metrics detail ,Total count =0, sdkCount=0,clusterCount=0

2025-11-12 11:19:27,812 INFO Out dated connection ,size=0

2025-11-12 11:19:27,869 INFO Connection check task end

2025-11-12 11:19:28,460 INFO ConnectionMetrics, totalCount = 0, detail = {long_connection=0, long_polling=0}

2025-11-12 11:19:30,918 INFO Connection check task start

2025-11-12 11:19:30,990 INFO Long connection metrics detail ,Total count =0, sdkCount=0,clusterCount=0

2025-11-12 11:19:31,181 INFO Out dated connection ,size=0

2025-11-12 11:19:31,206 INFO Connection check task end

2025-11-12 11:19:31,829 INFO ConnectionMetrics, totalCount = 0, detail = {long_connection=0, long_polling=0}

2025-11-12 11:19:34,220 INFO Connection check task start

2025-11-12 11:19:34,295 INFO Long connection metrics detail ,Total count =0, sdkCount=0,clusterCount=0

2025-11-12 11:19:34,337 INFO Out dated connection ,size=0

2025-11-12 11:19:34,344 INFO Connection check task end

2025-11-12 11:19:35,455 INFO ConnectionMetrics, totalCount = 0, detail = {long_connection=0, long_polling=0}

2025-11-12 11:19:37,358 INFO Connection check task start

2025-11-12 11:19:37,482 INFO Long connection metrics detail ,Total count =0, sdkCount=0,clusterCount=0

2025-11-12 11:19:37,513 INFO Out dated connection ,size=0

2025-11-12 11:19:37,548 INFO Connection check task end

2025-11-12 11:19:39,425 INFO ConnectionMetrics, totalCount = 0, detail = {long_connection=0, long_polling=0}

2025-11-12 11:19:40,750 INFO Connection check task start

2025-11-12 11:19:40,796 INFO Long connection metrics detail ,Total count =0, sdkCount=0,clusterCount=0

2025-11-12 11:19:40,829 INFO Out dated connection ,size=0

2025-11-12 11:19:40,921 INFO Connection check task end

2025-11-12 11:19:42,680 INFO ConnectionMetrics, totalCount = 0, detail = {long_connection=0, long_polling=0}

2025-11-12 11:19:44,008 INFO Connection check task start

2025-11-12 11:19:44,206 INFO Long connection metrics detail ,Total count =0, sdkCount=0,clusterCount=0

2025-11-12 11:19:44,335 INFO Out dated connection ,size=0

2025-11-12 11:19:44,385 INFO Connection check task end

2025-11-12 11:19:45,995 INFO ConnectionMetrics, totalCount = 0, detail = {long_connection=0, long_polling=0}

2025-11-12 11:19:47,482 INFO Connection check task start

2025-11-12 11:19:47,721 INFO Long connection metrics detail ,Total count =0, sdkCount=0,clusterCount=0

2025-11-12 11:19:48,030 INFO Out dated connection ,size=0

2025-11-12 11:19:48,053 INFO Connection check task end

2025-11-12 11:19:49,538 INFO ConnectionMetrics, totalCount = 0, detail = {long_connection=0, long_polling=0}

2025-11-12 11:19:51,216 INFO Connection check task start

2025-11-12 11:19:51,483 INFO Long connection metrics detail ,Total count =0, sdkCount=0,clusterCount=0

2025-11-12 11:19:51,782 INFO Out dated connection ,size=0

2025-11-12 11:19:51,848 INFO Connection check task end

2025-11-12 11:19:52,903 INFO ConnectionMetrics, totalCount = 0, detail = {long_connection=0, long_polling=0}

2025-11-12 11:19:55,133 INFO Connection check task start

2025-11-12 11:19:55,333 INFO Long connection metrics detail ,Total count =0, sdkCount=0,clusterCount=0

2025-11-12 11:19:55,552 INFO Out dated connection ,size=0

2025-11-12 11:19:55,730 INFO Connection check task end

2025-11-12 11:19:56,556 INFO ConnectionMetrics, totalCount = 0, detail = {long_connection=0, long_polling=0}

2025-11-12 11:19:58,947 INFO Connection check task start

2025-11-12 11:19:59,145 INFO Long connection metrics detail ,Total count =0, sdkCount=0,clusterCount=0

2025-11-12 11:19:59,445 INFO Out dated connection ,size=0

2025-11-12 11:19:59,475 INFO Connection check task end

2025-11-12 11:20:00,381 INFO ConnectionMetrics, totalCount = 0, detail = {long_connection=0, long_polling=0}

2025-11-12 11:20:02,651 INFO Connection check task start

2025-11-12 11:20:02,783 INFO Long connection metrics detail ,Total count =0, sdkCount=0,clusterCount=0

2025-11-12 11:20:03,277 INFO Out dated connection ,size=0

2025-11-12 11:20:03,328 INFO Connection check task end

2025-11-12 11:20:03,965 INFO ConnectionMetrics, totalCount = 0, detail = {long_connection=0, long_polling=0}

2025-11-12 11:20:06,447 INFO Connection check task start

2025-11-12 11:20:06,542 INFO Long connection metrics detail ,Total count =0, sdkCount=0,clusterCount=0

2025-11-12 11:20:06,729 INFO Out dated connection ,size=0

2025-11-12 11:20:06,891 INFO Connection check task end

2025-11-12 11:20:07,379 INFO ConnectionMetrics, totalCount = 0, detail = {long_connection=0, long_polling=0}

2025-11-12 11:20:10,129 INFO Connection check task start

2025-11-12 11:20:10,346 INFO Long connection metrics detail ,Total count =0, sdkCount=0,clusterCount=0

2025-11-12 11:21:25,278 INFO Fail to find connection runtime ejector for name nacos,use default

2025-11-12 11:21:26,343 INFO Connection check task start

2025-11-12 11:21:26,385 INFO Long connection metrics detail ,Total count =0, sdkCount=0,clusterCount=0

2025-11-12 11:21:26,400 INFO Out dated connection ,size=0

2025-11-12 11:21:26,413 INFO Connection check task end

2025-11-12 11:21:28,331 INFO ConnectionMetrics, totalCount = 0, detail = {long_connection=0, long_polling=0}

2025-11-12 11:21:29,736 INFO Connection check task start

2025-11-12 11:21:29,739 INFO Long connection metrics detail ,Total count =0, sdkCount=0,clusterCount=0

2025-11-12 11:21:29,740 INFO Out dated connection ,size=0

2025-11-12 11:21:29,741 INFO Connection check task end

2025-11-12 11:21:31,361 INFO ConnectionMetrics, totalCount = 0, detail = {long_connection=0, long_polling=0}

2025-11-12 11:21:32,793 INFO Connection check task start

2025-11-12 11:21:32,846 INFO Long connection metrics detail ,Total count =0, sdkCount=0,clusterCount=0

2025-11-12 11:21:32,865 INFO Out dated connection ,size=0

2025-11-12 11:21:33,013 INFO Connection check task end

2025-11-12 11:21:34,679 INFO ConnectionMetrics, totalCount = 0, detail = {long_connection=0, long_polling=0}

2025-11-12 11:21:36,092 INFO Connection check task start

2025-11-12 11:21:36,367 INFO Long connection metrics detail ,Total count =0, sdkCount=0,clusterCount=0

2025-11-12 11:21:36,529 INFO Out dated connection ,size=0

2025-11-12 11:21:36,682 INFO Connection check task end

2025-11-12 11:21:38,296 INFO ConnectionMetrics, totalCount = 0, detail = {long_connection=0, long_polling=0}

2025-11-12 11:21:40,003 INFO Connection check task start

2025-11-12 11:21:40,170 INFO Long connection metrics detail ,Total count =0, sdkCount=0,clusterCount=0

2025-11-12 11:21:40,594 INFO Out dated connection ,size=0

2025-11-12 11:21:41,025 INFO Connection check task end

2025-11-12 11:21:41,979 INFO ConnectionMetrics, totalCount = 0, detail = {long_connection=0, long_polling=0}

2025-11-12 11:21:44,337 INFO Connection check task start

2025-11-12 11:21:45,960 INFO Long connection metrics detail ,Total count =0, sdkCount=0,clusterCount=0

2025-11-12 11:22:48,435 INFO Fail to find connection runtime ejector for name nacos,use default

2025-11-12 11:22:49,436 INFO Connection check task start

2025-11-12 11:22:49,439 INFO Long connection metrics detail ,Total count =0, sdkCount=0,clusterCount=0

2025-11-12 11:22:49,441 INFO Out dated connection ,size=0

2025-11-12 11:22:49,441 INFO Connection check task end

2025-11-12 11:22:52,532 INFO Connection check task start

2025-11-12 11:22:52,573 INFO Long connection metrics detail ,Total count =0, sdkCount=0,clusterCount=0

2025-11-12 11:22:52,586 INFO Out dated connection ,size=0

2025-11-12 11:22:52,614 INFO Connection check task end

2025-11-12 11:22:55,682 INFO Connection check task start

2025-11-12 11:22:55,728 INFO Long connection metrics detail ,Total count =0, sdkCount=0,clusterCount=0

2025-11-12 11:22:55,765 INFO Out dated connection ,size=0

2025-11-12 11:22:55,772 INFO Connection check task end

2025-11-12 11:22:58,577 INFO ConnectionMetrics, totalCount = 0, detail = {long_connection=0, long_polling=0}

2025-11-12 11:22:58,868 INFO Connection check task start

2025-11-12 11:22:58,907 INFO Long connection metrics detail ,Total count =0, sdkCount=0,clusterCount=0

2025-11-12 11:22:58,956 INFO Out dated connection ,size=0

2025-11-12 11:22:59,151 INFO Connection check task end

2025-11-12 11:23:01,663 INFO ConnectionMetrics, totalCount = 0, detail = {long_connection=0, long_polling=0}

2025-11-12 11:23:02,191 INFO Connection check task start

2025-11-12 11:23:02,253 INFO Long connection metrics detail ,Total count =0, sdkCount=0,clusterCount=0

2025-11-12 11:23:02,340 INFO Out dated connection ,size=0

2025-11-12 11:23:02,385 INFO Connection check task end

2025-11-12 11:23:04,767 INFO ConnectionMetrics, totalCount = 0, detail = {long_connection=0, long_polling=0}

2025-11-12 11:23:05,584 INFO Connection check task start

2025-11-12 11:23:05,673 INFO Long connection metrics detail ,Total count =0, sdkCount=0,clusterCount=0

2025-11-12 11:23:05,894 INFO Out dated connection ,size=0

2025-11-12 11:23:06,007 INFO Connection check task end

2025-11-12 11:23:08,003 INFO ConnectionMetrics, totalCount = 0, detail = {long_connection=0, long_polling=0}

2025-11-12 11:23:09,127 INFO Connection check task start

2025-11-12 11:23:09,189 INFO Long connection metrics detail ,Total count =0, sdkCount=0,clusterCount=0

2025-11-12 11:23:09,486 INFO Out dated connection ,size=0

2025-11-12 11:23:09,537 INFO Connection check task end

2025-11-12 11:23:11,139 INFO ConnectionMetrics, totalCount = 0, detail = {long_connection=0, long_polling=0}

2025-11-12 11:23:12,585 INFO Connection check task start

2025-11-12 11:23:12,722 INFO Long connection metrics detail ,Total count =0, sdkCount=0,clusterCount=0

2025-11-12 11:23:12,953 INFO Out dated connection ,size=0

2025-11-12 11:23:13,109 INFO Connection check task end

2025-11-12 11:23:14,568 INFO ConnectionMetrics, totalCount = 0, detail = {long_connection=0, long_polling=0}

2025-11-12 11:23:16,485 INFO Connection check task start

2025-11-12 11:23:16,600 INFO Long connection metrics detail ,Total count =0, sdkCount=0,clusterCount=0

2025-11-12 11:23:16,681 INFO Out dated connection ,size=0

2025-11-12 11:23:16,705 INFO Connection check task end

2025-11-12 11:23:17,742 INFO ConnectionMetrics, totalCount = 0, detail = {long_connection=0, long_polling=0}

2025-11-12 11:23:19,867 INFO Connection check task start

2025-11-12 11:23:19,903 INFO Long connection metrics detail ,Total count =0, sdkCount=0,clusterCount=0

2025-11-12 11:23:20,443 INFO Out dated connection ,size=0

2025-11-12 11:23:20,763 INFO Connection check task end

2025-11-12 11:23:21,369 INFO ConnectionMetrics, totalCount = 0, detail = {long_connection=0, long_polling=0}

2025-11-12 11:23:24,146 INFO Connection check task start

2025-11-12 11:23:24,480 INFO Long connection metrics detail ,Total count =0, sdkCount=0,clusterCount=0

2025-11-12 11:23:25,075 INFO Out dated connection ,size=0

2025-11-12 11:23:25,433 INFO Connection check task end

2025-11-12 11:23:25,322 INFO ConnectionMetrics, totalCount = 0, detail = {long_connection=0, long_polling=0}

2025-11-12 11:23:28,913 INFO Connection check task start

2025-11-12 11:23:29,232 INFO Long connection metrics detail ,Total count =0, sdkCount=0,clusterCount=0

2025-11-12 11:23:29,537 INFO ConnectionMetrics, totalCount = 0, detail = {long_connection=0, long_polling=0}

2025-11-12 11:23:29,553 INFO Out dated connection ,size=0

2025-11-12 11:23:29,806 INFO Connection check task end

2025-11-12 11:23:33,110 INFO ConnectionMetrics, totalCount = 0, detail = {long_connection=0, long_polling=0}

2025-11-12 11:23:33,354 INFO Connection check task start

2025-11-12 11:23:34,608 INFO Long connection metrics detail ,Total count =0, sdkCount=0,clusterCount=0

2025-11-12 11:23:35,001 INFO Out dated connection ,size=0

2025-11-12 11:23:35,261 INFO Connection check task end

2025-11-12 11:23:36,781 INFO ConnectionMetrics, totalCount = 0, detail = {long_connection=0, long_polling=0}

2025-11-12 11:23:39,163 INFO Connection check task start

2025-11-12 11:23:39,534 INFO Long connection metrics detail ,Total count =0, sdkCount=0,clusterCount=0

2025-11-12 11:23:39,900 INFO Out dated connection ,size=0

2025-11-12 11:23:40,315 INFO Connection check task end

2025-11-12 11:23:40,579 INFO ConnectionMetrics, totalCount = 0, detail = {long_connection=0, long_polling=0}

2025-11-12 11:23:43,452 INFO Connection check task start

2025-11-12 11:23:43,592 INFO Long connection metrics detail ,Total count =0, sdkCount=0,clusterCount=0

2025-11-12 11:23:43,863 INFO Out dated connection ,size=0

2025-11-12 11:23:44,339 INFO Connection check task end

2025-11-12 11:23:44,146 INFO ConnectionMetrics, totalCount = 0, detail = {long_connection=0, long_polling=0}

2025-11-12 11:23:47,889 INFO Connection check task start

2025-11-12 11:23:48,283 INFO Long connection metrics detail ,Total count =0, sdkCount=0,clusterCount=0

2025-11-12 11:23:49,471 INFO Out dated connection ,size=0

2025-11-12 11:23:50,456 INFO Connection check task end

2025-11-12 11:23:49,955 INFO ConnectionMetrics, totalCount = 0, detail = {long_connection=0, long_polling=0}

2025-11-12 11:23:55,283 INFO Connection check task start

2025-11-12 11:23:55,923 INFO Long connection metrics detail ,Total count =0, sdkCount=0,clusterCount=0

2025-11-12 11:23:56,194 INFO Out dated connection ,size=0

2025-11-12 11:23:56,445 INFO Connection check task end

2025-11-12 11:23:56,440 INFO ConnectionMetrics, totalCount = 0, detail = {long_connection=0, long_polling=0}

2025-11-12 11:23:59,756 INFO Connection check task start

2025-11-12 11:24:00,035 INFO Long connection metrics detail ,Total count =0, sdkCount=0,clusterCount=0

2025-11-12 11:24:00,107 INFO Out dated connection ,size=0

2025-11-12 11:24:00,811 INFO Connection check task end

2025-11-12 11:24:00,787 INFO ConnectionMetrics, totalCount = 0, detail = {long_connection=0, long_polling=0}

2025-11-12 11:24:04,634 INFO Connection check task start

2025-11-12 11:24:04,744 INFO ConnectionMetrics, totalCount = 0, detail = {long_connection=0, long_polling=0}

2025-11-12 11:24:05,060 INFO Long connection metrics detail ,Total count =0, sdkCount=0,clusterCount=0

2025-11-12 11:24:05,476 INFO Out dated connection ,size=0

2025-11-12 11:24:06,034 INFO Connection check task end

2025-11-12 11:24:09,110 INFO ConnectionMetrics, totalCount = 0, detail = {long_connection=0, long_polling=0}

2025-11-12 11:24:10,019 INFO Connection check task start

2025-11-12 11:24:10,433 INFO Long connection metrics detail ,Total count =0, sdkCount=0,clusterCount=0

2025-11-12 11:24:11,937 INFO Out dated connection ,size=0

2025-11-12 11:24:12,747 INFO Connection check task end

2025-11-12 11:24:13,523 INFO ConnectionMetrics, totalCount = 0, detail = {long_connection=0, long_polling=0}

2025-11-12 11:24:16,547 INFO Connection check task start

2025-11-12 11:24:16,760 INFO Long connection metrics detail ,Total count =0, sdkCount=0,clusterCount=0

2025-11-12 11:24:17,632 INFO Out dated connection ,size=0

2025-11-12 11:24:17,639 INFO ConnectionMetrics, totalCount = 0, detail = {long_connection=0, long_polling=0}

2025-11-12 11:24:18,817 INFO Connection check task end

2025-11-12 11:24:25,421 INFO Connection check task start

2025-11-12 11:24:25,732 INFO ConnectionMetrics, totalCount = 0, detail = {long_connection=0, long_polling=0}

2025-11-12 11:24:26,924 INFO Long connection metrics detail ,Total count =0, sdkCount=0,clusterCount=0

2025-11-12 11:26:49,244 INFO Fail to find connection runtime ejector for name nacos,use default

2025-11-12 11:26:50,482 INFO Connection check task start

2025-11-12 11:26:50,539 INFO Long connection metrics detail ,Total count =0, sdkCount=0,clusterCount=0

2025-11-12 11:26:50,558 INFO Out dated connection ,size=0

2025-11-12 11:26:50,563 INFO Connection check task end

2025-11-12 11:28:15,707 INFO Fail to find connection runtime ejector for name nacos,use default

2025-11-12 11:28:16,714 INFO Connection check task start

2025-11-12 11:28:16,754 INFO Long connection metrics detail ,Total count =0, sdkCount=0,clusterCount=0

2025-11-12 11:28:16,768 INFO Out dated connection ,size=0

2025-11-12 11:28:16,787 INFO Connection check task end

2025-11-12 11:41:42,292 INFO Fail to find connection runtime ejector for name nacos,use default

2025-11-12 11:41:43,385 INFO Connection check task start

2025-11-12 11:41:43,464 INFO Long connection metrics detail ,Total count =0, sdkCount=0,clusterCount=0

2025-11-12 11:41:43,464 INFO Out dated connection ,size=0

2025-11-12 11:41:43,465 INFO Connection check task end

2025-11-12 11:41:46,956 INFO Connection check task start

2025-11-12 11:41:46,970 INFO Long connection metrics detail ,Total count =0, sdkCount=0,clusterCount=0

2025-11-12 11:41:47,043 INFO Out dated connection ,size=0

2025-11-12 11:41:47,090 INFO Connection check task end

2025-11-12 11:41:50,218 INFO Connection check task start

2025-11-12 11:41:50,406 INFO Long connection metrics detail ,Total count =0, sdkCount=0,clusterCount=0

2025-11-12 11:41:50,669 INFO Out dated connection ,size=0

2025-11-12 11:41:50,709 INFO Connection check task end

2025-11-12 11:43:50,500 INFO Fail to find connection runtime ejector for name nacos,use default

2025-11-12 11:43:51,538 INFO Connection check task start

2025-11-12 11:43:51,558 INFO Long connection metrics detail ,Total count =0, sdkCount=0,clusterCount=0

2025-11-12 11:43:51,559 INFO Out dated connection ,size=0

2025-11-12 11:43:51,560 INFO Connection check task end

2025-11-12 11:43:53,516 INFO ConnectionMetrics, totalCount = 0, detail = {long_connection=0, long_polling=0}

2025-11-12 11:43:55,254 INFO Connection check task start

2025-11-12 11:43:55,270 INFO Long connection metrics detail ,Total count =0, sdkCount=0,clusterCount=0

2025-11-12 11:43:55,270 INFO Out dated connection ,size=0

2025-11-12 11:43:55,294 INFO Connection check task end

2025-11-12 11:43:56,553 INFO ConnectionMetrics, totalCount = 0, detail = {long_connection=0, long_polling=0}

2025-11-12 11:43:58,381 INFO Connection check task start

2025-11-12 11:43:58,385 INFO Long connection metrics detail ,Total count =0, sdkCount=0,clusterCount=0

2025-11-12 11:43:58,387 INFO Out dated connection ,size=0

2025-11-12 11:43:58,387 INFO Connection check task end

2025-11-12 11:43:59,751 INFO ConnectionMetrics, totalCount = 0, detail = {long_connection=0, long_polling=0}

2025-11-12 11:44:01,401 INFO Connection check task start

2025-11-12 11:44:01,413 INFO Long connection metrics detail ,Total count =0, sdkCount=0,clusterCount=0

2025-11-12 11:44:01,430 INFO Out dated connection ,size=0

2025-11-12 11:44:01,438 INFO Connection check task end

2025-11-12 11:44:02,901 INFO ConnectionMetrics, totalCount = 0, detail = {long_connection=0, long_polling=0}

2025-11-12 11:44:04,510 INFO Connection check task start

2025-11-12 11:44:04,548 INFO Long connection metrics detail ,Total count =0, sdkCount=0,clusterCount=0

2025-11-12 11:44:04,559 INFO Out dated connection ,size=0

2025-11-12 11:44:04,559 INFO Connection check task end

2025-11-12 11:44:05,957 INFO ConnectionMetrics, totalCount = 0, detail = {long_connection=0, long_polling=0}

2025-11-12 11:44:07,563 INFO Connection check task start

2025-11-12 11:44:07,620 INFO Long connection metrics detail ,Total count =0, sdkCount=0,clusterCount=0

2025-11-12 11:44:07,627 INFO Out dated connection ,size=0

2025-11-12 11:44:07,715 INFO Connection check task end

2025-11-12 11:44:09,016 INFO ConnectionMetrics, totalCount = 0, detail = {long_connection=0, long_polling=0}

2025-11-12 11:44:10,748 INFO Connection check task start

2025-11-12 11:44:10,786 INFO Long connection metrics detail ,Total count =0, sdkCount=0,clusterCount=0

2025-11-12 11:44:10,945 INFO Out dated connection ,size=0

2025-11-12 11:44:10,996 INFO Connection check task end

2025-11-12 11:44:12,054 INFO ConnectionMetrics, totalCount = 0, detail = {long_connection=0, long_polling=0}

2025-11-12 11:44:14,098 INFO Connection check task start

2025-11-12 11:44:14,246 INFO Long connection metrics detail ,Total count =0, sdkCount=0,clusterCount=0

2025-11-12 11:44:14,437 INFO Out dated connection ,size=0

2025-11-12 11:48:30,583 INFO Fail to find connection runtime ejector for name nacos,use default

2025-11-12 11:48:31,604 INFO Connection check task start

2025-11-12 11:48:31,646 INFO Long connection metrics detail ,Total count =0, sdkCount=0,clusterCount=0

2025-11-12 11:48:31,649 INFO Out dated connection ,size=0

2025-11-12 11:48:31,650 INFO Connection check task end

2025-11-12 11:48:34,858 INFO Connection check task start

2025-11-12 11:48:34,961 INFO Long connection metrics detail ,Total count =0, sdkCount=0,clusterCount=0

2025-11-12 11:48:35,034 INFO Out dated connection ,size=0

2025-11-12 11:48:35,238 INFO Connection check task end

2025-11-12 11:48:38,246 INFO Connection check task start

2025-11-12 11:48:39,798 INFO Long connection metrics detail ,Total count =0, sdkCount=0,clusterCount=0

2025-11-12 11:48:40,495 INFO Out dated connection ,size=0

2025-11-12 11:48:40,786 INFO Connection check task end

2025-11-12 11:48:44,301 INFO Connection check task start

2025-11-12 11:48:44,601 INFO Long connection metrics detail ,Total count =0, sdkCount=0,clusterCount=0

2025-11-12 11:48:45,537 INFO Out dated connection ,size=0

2025-11-12 11:48:46,026 INFO Connection check task end

2025-11-12 11:48:51,419 INFO Connection check task start

2025-11-12 11:48:51,911 INFO Long connection metrics detail ,Total count =0, sdkCount=0,clusterCount=0

2025-11-12 11:48:52,864 INFO Out dated connection ,size=0

2025-11-12 11:48:53,226 INFO Connection check task end

2025-11-12 11:50:47,978 INFO Fail to find connection runtime ejector for name nacos,use default

2025-11-12 11:50:49,758 INFO Connection check task start

2025-11-12 11:50:51,911 INFO Long connection metrics detail ,Total count =0, sdkCount=0,clusterCount=0

2025-11-12 11:50:52,782 INFO Out dated connection ,size=0

2025-11-12 11:50:53,299 INFO Connection check task end

2025-11-12 11:55:24,234 INFO Fail to find connection runtime ejector for name nacos,use default

2025-11-12 11:55:25,270 INFO Connection check task start

2025-11-12 11:55:25,274 INFO Long connection metrics detail ,Total count =0, sdkCount=0,clusterCount=0

2025-11-12 11:55:25,277 INFO Out dated connection ,size=0

2025-11-12 11:55:25,279 INFO Connection check task end

2025-11-12 11:55:29,161 INFO ConnectionMetrics, totalCount = 0, detail = {long_connection=0, long_polling=0}

2025-11-12 11:55:29,689 INFO Connection check task start

2025-11-12 11:55:29,772 INFO Long connection metrics detail ,Total count =0, sdkCount=0,clusterCount=0

2025-11-12 11:55:30,434 INFO Out dated connection ,size=0

2025-11-12 11:55:30,648 INFO Connection check task end

2025-11-12 11:55:32,324 INFO ConnectionMetrics, totalCount = 0, detail = {long_connection=0, long_polling=0}

2025-11-12 11:55:34,023 INFO Connection check task start

2025-11-12 11:55:34,083 INFO Long connection metrics detail ,Total count =0, sdkCount=0,clusterCount=0

2025-11-12 11:55:34,524 INFO Out dated connection ,size=0

2025-11-12 11:55:35,648 INFO Connection check task end

2025-11-12 11:55:36,024 INFO ConnectionMetrics, totalCount = 0, detail = {long_connection=0, long_polling=0}

2025-11-12 11:55:39,222 INFO Connection check task start

2025-11-12 11:55:39,284 INFO Long connection metrics detail ,Total count =0, sdkCount=0,clusterCount=0

2025-11-12 11:55:39,579 INFO Out dated connection ,size=0

2025-11-12 11:55:39,655 INFO Connection check task end

2025-11-12 11:55:40,477 INFO ConnectionMetrics, totalCount = 0, detail = {long_connection=0, long_polling=0}

2025-11-12 11:55:44,916 INFO Connection check task start

2025-11-12 11:55:45,098 INFO ConnectionMetrics, totalCount = 0, detail = {long_connection=0, long_polling=0}

2025-11-12 11:55:45,102 INFO Long connection metrics detail ,Total count =0, sdkCount=0,clusterCount=0

2025-11-12 11:55:46,008 INFO Out dated connection ,size=0

2025-11-12 11:55:46,339 INFO Connection check task end

2025-11-12 11:55:48,734 INFO ConnectionMetrics, totalCount = 0, detail = {long_connection=0, long_polling=0}

2025-11-12 11:55:49,660 INFO Connection check task start

2025-11-12 11:55:50,049 INFO Long connection metrics detail ,Total count =0, sdkCount=0,clusterCount=0

2025-11-12 11:55:50,378 INFO Out dated connection ,size=0

2025-11-12 11:55:50,709 INFO Connection check task end

2025-11-12 11:55:52,728 INFO ConnectionMetrics, totalCount = 0, detail = {long_connection=0, long_polling=0}

2025-11-12 11:55:54,426 INFO Connection check task start

2025-11-12 11:55:54,786 INFO Long connection metrics detail ,Total count =0, sdkCount=0,clusterCount=0

2025-11-12 11:55:55,418 INFO Out dated connection ,size=0

2025-11-12 11:55:56,040 INFO Connection check task end

2025-11-12 11:57:39,986 INFO Fail to find connection runtime ejector for name nacos,use default

2025-11-12 11:57:40,992 INFO Connection check task start

2025-11-12 11:57:40,994 INFO Long connection metrics detail ,Total count =0, sdkCount=0,clusterCount=0

2025-11-12 11:57:40,998 INFO Out dated connection ,size=0

2025-11-12 11:57:41,004 INFO Connection check task end

2025-11-12 11:57:44,278 INFO Connection check task start

2025-11-12 11:57:44,805 INFO Long connection metrics detail ,Total count =0, sdkCount=0,clusterCount=0

2025-11-12 11:57:45,626 INFO Out dated connection ,size=0

2025-11-12 11:57:45,838 INFO Connection check task end

2025-11-12 11:57:49,738 INFO Connection check task start

2025-11-12 11:57:50,076 INFO Long connection metrics detail ,Total count =0, sdkCount=0,clusterCount=0

2025-11-12 11:57:50,449 INFO Out dated connection ,size=0

2025-11-12 11:57:50,680 INFO Connection check task end

2025-11-12 11:58:51,927 INFO Fail to find connection runtime ejector for name nacos,use default

2025-11-12 11:58:52,945 INFO Connection check task start

2025-11-12 11:58:52,947 INFO Long connection metrics detail ,Total count =0, sdkCount=0,clusterCount=0

2025-11-12 11:58:52,956 INFO Out dated connection ,size=0

2025-11-12 11:58:52,956 INFO Connection check task end

2025-11-12 11:58:56,090 INFO Connection check task start

2025-11-12 11:58:56,118 INFO Long connection metrics detail ,Total count =0, sdkCount=0,clusterCount=0

2025-11-12 11:58:56,178 INFO Out dated connection ,size=0

2025-11-12 11:58:56,196 INFO Connection check task end

2025-11-12 11:58:59,263 INFO Connection check task start

2025-11-12 11:58:59,346 INFO Long connection metrics detail ,Total count =0, sdkCount=0,clusterCount=0

2025-11-12 11:58:59,400 INFO Out dated connection ,size=0

2025-11-12 11:58:59,517 INFO Connection check task end

2025-11-12 11:59:02,884 INFO Connection check task start

2025-11-12 11:59:03,147 INFO Long connection metrics detail ,Total count =0, sdkCount=0,clusterCount=0

2025-11-12 11:59:03,242 INFO Out dated connection ,size=0

2025-11-12 11:59:03,475 INFO Connection check task end

2025-11-12 11:59:07,767 INFO Connection check task start

2025-11-12 11:59:07,884 INFO Long connection metrics detail ,Total count =0, sdkCount=0,clusterCount=0

2025-11-12 11:59:08,698 INFO Out dated connection ,size=0

2025-11-12 11:59:09,361 INFO Connection check task end

2025-11-12 11:59:12,669 INFO Connection check task start

2025-11-12 11:59:13,036 INFO Long connection metrics detail ,Total count =0, sdkCount=0,clusterCount=0

2025-11-12 11:59:13,534 INFO Out dated connection ,size=0

2025-11-12 11:59:13,744 INFO Connection check task end

2025-11-12 11:59:17,480 INFO Connection check task start

2025-11-12 11:59:17,882 INFO Long connection metrics detail ,Total count =0, sdkCount=0,clusterCount=0

2025-11-12 11:59:18,481 INFO Out dated connection ,size=0

2025-11-12 11:59:18,780 INFO Connection check task end

2025-11-12 11:59:22,581 INFO Connection check task start

2025-11-12 11:59:22,978 INFO Long connection metrics detail ,Total count =0, sdkCount=0,clusterCount=0

2025-11-12 11:59:23,933 INFO Out dated connection ,size=0

2025-11-12 11:59:24,250 INFO Connection check task end

2025-11-12 11:59:33,766 INFO Connection check task start

2025-11-12 11:59:34,033 INFO Long connection metrics detail ,Total count =0, sdkCount=0,clusterCount=0

2025-11-12 11:59:34,578 INFO Out dated connection ,size=0

2025-11-12 11:59:35,266 INFO Connection check task end

2025-11-12 11:59:39,114 INFO Connection check task start

2025-11-12 11:59:39,312 INFO Long connection metrics detail ,Total count =0, sdkCount=0,clusterCount=0

2025-11-12 11:59:39,603 INFO Out dated connection ,size=0

2025-11-12 11:59:40,250 INFO Connection check task end

2025-11-12 11:59:43,937 INFO Connection check task start

2025-11-12 11:59:44,492 INFO Long connection metrics detail ,Total count =0, sdkCount=0,clusterCount=0

2025-11-12 11:59:44,982 INFO Out dated connection ,size=0

2025-11-12 11:59:46,027 INFO Connection check task end

2025-11-12 11:59:49,632 INFO Connection check task start

2025-11-12 11:59:50,338 INFO Long connection metrics detail ,Total count =0, sdkCount=0,clusterCount=0

2025-11-12 12:01:25,675 INFO Fail to find connection runtime ejector for name nacos,use default

2025-11-12 12:01:26,914 INFO Connection check task start

2025-11-12 12:01:26,990 INFO Long connection metrics detail ,Total count =0, sdkCount=0,clusterCount=0

2025-11-12 12:01:27,167 INFO Out dated connection ,size=0

2025-11-12 12:01:27,221 INFO Connection check task end

2025-11-12 12:01:29,334 INFO ConnectionMetrics, totalCount = 0, detail = {long_connection=0, long_polling=0}

2025-11-12 12:01:30,783 INFO Connection check task start

2025-11-12 12:01:30,807 INFO Long connection metrics detail ,Total count =0, sdkCount=0,clusterCount=0

2025-11-12 12:01:30,823 INFO Out dated connection ,size=0

2025-11-12 12:01:30,844 INFO Connection check task end

2025-11-12 12:01:32,487 INFO ConnectionMetrics, totalCount = 0, detail = {long_connection=0, long_polling=0}

2025-11-12 12:01:34,020 INFO Connection check task start

2025-11-12 12:01:34,065 INFO Long connection metrics detail ,Total count =0, sdkCount=0,clusterCount=0

2025-11-12 12:01:34,195 INFO Out dated connection ,size=0

2025-11-12 12:01:34,233 INFO Connection check task end

2025-11-12 12:01:36,088 INFO ConnectionMetrics, totalCount = 0, detail = {long_connection=0, long_polling=0}

2025-11-12 12:01:37,264 INFO Connection check task start

2025-11-12 12:01:37,323 INFO Long connection metrics detail ,Total count =0, sdkCount=0,clusterCount=0

2025-11-12 12:01:37,785 INFO Out dated connection ,size=0

2025-11-12 12:01:38,220 INFO Connection check task end

2025-11-12 12:01:39,335 INFO ConnectionMetrics, totalCount = 0, detail = {long_connection=0, long_polling=0}

2025-11-12 12:01:41,594 INFO Connection check task start

2025-11-12 12:01:42,011 INFO Long connection metrics detail ,Total count =0, sdkCount=0,clusterCount=0

2025-11-12 12:01:42,225 INFO Out dated connection ,size=0

2025-11-12 12:01:42,401 INFO Connection check task end

2025-11-12 12:01:42,760 INFO ConnectionMetrics, totalCount = 0, detail = {long_connection=0, long_polling=0}

2025-11-12 12:01:45,629 INFO Connection check task start

2025-11-12 12:01:45,682 INFO Long connection metrics detail ,Total count =0, sdkCount=0,clusterCount=0

2025-11-12 12:01:45,779 INFO Out dated connection ,size=0

2025-11-12 12:01:45,809 INFO Connection check task end

2025-11-12 12:01:46,182 INFO ConnectionMetrics, totalCount = 0, detail = {long_connection=0, long_polling=0}

2025-11-12 12:01:49,418 INFO ConnectionMetrics, totalCount = 0, detail = {long_connection=0, long_polling=0}

2025-11-12 12:01:50,147 INFO Connection check task start

2025-11-12 12:01:50,709 INFO Long connection metrics detail ,Total count =0, sdkCount=0,clusterCount=0

2025-11-12 12:01:51,562 INFO Out dated connection ,size=0

2025-11-12 12:01:51,866 INFO Connection check task end

2025-11-12 12:01:53,580 INFO ConnectionMetrics, totalCount = 0, detail = {long_connection=0, long_polling=0}

2025-11-12 12:01:55,365 INFO Connection check task start

2025-11-12 12:01:55,375 INFO Long connection metrics detail ,Total count =0, sdkCount=0,clusterCount=0

2025-11-12 12:01:55,389 INFO Out dated connection ,size=0

2025-11-12 12:01:55,662 INFO Connection check task end

2025-11-12 12:03:31,868 INFO Fail to find connection runtime ejector for name nacos,use default

2025-11-12 12:03:32,881 INFO Connection check task start

2025-11-12 12:03:32,884 INFO Long connection metrics detail ,Total count =0, sdkCount=0,clusterCount=0

2025-11-12 12:03:32,886 INFO Out dated connection ,size=0

2025-11-12 12:03:32,888 INFO Connection check task end

2025-11-12 12:03:36,173 INFO Connection check task start

2025-11-12 12:03:36,190 INFO Long connection metrics detail ,Total count =0, sdkCount=0,clusterCount=0

2025-11-12 12:03:36,192 INFO Out dated connection ,size=0

2025-11-12 12:03:36,193 INFO Connection check task end

2025-11-12 12:03:36,216 INFO ConnectionMetrics, totalCount = 0, detail = {long_connection=0, long_polling=0}

2025-11-12 12:03:39,279 INFO Connection check task start

2025-11-12 12:03:39,285 INFO ConnectionMetrics, totalCount = 0, detail = {long_connection=0, long_polling=0}

2025-11-12 12:03:39,307 INFO Long connection metrics detail ,Total count =0, sdkCount=0,clusterCount=0

2025-11-12 12:03:39,353 INFO Out dated connection ,size=0

2025-11-12 12:03:39,398 INFO Connection check task end

2025-11-12 12:03:42,512 INFO Connection check task start

2025-11-12 12:03:42,436 INFO ConnectionMetrics, totalCount = 0, detail = {long_connection=0, long_polling=0}

2025-11-12 12:03:43,383 INFO Long connection metrics detail ,Total count =0, sdkCount=0,clusterCount=0

2025-11-12 12:03:44,015 INFO Out dated connection ,size=0

2025-11-12 12:03:44,085 INFO Connection check task end

2025-11-12 12:04:58,066 INFO Fail to find connection runtime ejector for name nacos,use default

2025-11-12 12:04:59,095 INFO Connection check task start

2025-11-12 12:04:59,108 INFO Long connection metrics detail ,Total count =0, sdkCount=0,clusterCount=0

2025-11-12 12:04:59,109 INFO Out dated connection ,size=0

2025-11-12 12:04:59,111 INFO Connection check task end

2025-11-12 12:06:54,871 INFO Fail to find connection runtime ejector for name nacos,use default

2025-11-12 12:06:55,882 INFO Connection check task start

2025-11-12 12:06:55,900 INFO Long connection metrics detail ,Total count =0, sdkCount=0,clusterCount=0

2025-11-12 12:06:55,902 INFO Out dated connection ,size=0

2025-11-12 12:06:55,903 INFO Connection check task end

2025-11-12 12:06:59,717 INFO Connection check task start

2025-11-12 12:06:59,722 INFO Long connection metrics detail ,Total count =0, sdkCount=0,clusterCount=0

2025-11-12 12:06:59,810 INFO Out dated connection ,size=0

2025-11-12 12:06:59,903 INFO Connection check task end

2025-11-12 12:07:03,084 INFO Connection check task start

2025-11-12 12:07:03,155 INFO Long connection metrics detail ,Total count =0, sdkCount=0,clusterCount=0

2025-11-12 12:07:03,290 INFO Out dated connection ,size=0

2025-11-12 12:07:03,414 INFO Connection check task end

2025-11-12 12:07:06,576 INFO Connection check task start

2025-11-12 12:07:07,063 INFO Long connection metrics detail ,Total count =0, sdkCount=0,clusterCount=0

2025-11-12 12:07:07,484 INFO Out dated connection ,size=0

2025-11-12 12:07:58,508 INFO Fail to find connection runtime ejector for name nacos,use default

2025-11-12 12:07:59,599 INFO Connection check task start

2025-11-12 12:07:59,626 INFO Long connection metrics detail ,Total count =0, sdkCount=0,clusterCount=0

2025-11-12 12:07:59,631 INFO Out dated connection ,size=0

2025-11-12 12:07:59,632 INFO Connection check task end

2025-11-12 12:10:01,902 INFO Fail to find connection runtime ejector for name nacos,use default

2025-11-12 12:10:02,905 INFO Connection check task start

2025-11-12 12:10:02,913 INFO Long connection metrics detail ,Total count =0, sdkCount=0,clusterCount=0

2025-11-12 12:10:02,915 INFO Out dated connection ,size=0

2025-11-12 12:10:02,918 INFO Connection check task end

2025-11-12 12:10:05,962 INFO ConnectionMetrics, totalCount = 0, detail = {long_connection=0, long_polling=0}

2025-11-12 12:10:06,170 INFO Connection check task start

2025-11-12 12:10:06,261 INFO Long connection metrics detail ,Total count =0, sdkCount=0,clusterCount=0

2025-11-12 12:10:06,271 INFO Out dated connection ,size=0

2025-11-12 12:10:06,272 INFO Connection check task end

2025-11-12 12:10:09,178 INFO ConnectionMetrics, totalCount = 0, detail = {long_connection=0, long_polling=0}

2025-11-12 12:10:09,295 INFO Connection check task start

2025-11-12 12:10:09,362 INFO Long connection metrics detail ,Total count =0, sdkCount=0,clusterCount=0

2025-11-12 12:10:09,380 INFO Out dated connection ,size=0

2025-11-12 12:10:09,383 INFO Connection check task end

2025-11-12 12:10:12,285 INFO ConnectionMetrics, totalCount = 0, detail = {long_connection=0, long_polling=0}

2025-11-12 12:10:12,390 INFO Connection check task start

2025-11-12 12:10:12,677 INFO Long connection metrics detail ,Total count =0, sdkCount=0,clusterCount=0

2025-11-12 12:10:12,817 INFO Out dated connection ,size=0

2025-11-12 12:10:12,821 INFO Connection check task end

2025-11-12 12:10:15,564 INFO ConnectionMetrics, totalCount = 0, detail = {long_connection=0, long_polling=0}

2025-11-12 12:10:15,973 INFO Connection check task start

2025-11-12 12:10:16,269 INFO Long connection metrics detail ,Total count =0, sdkCount=0,clusterCount=0

2025-11-12 12:10:16,559 INFO Out dated connection ,size=0

2025-11-12 12:10:16,613 INFO Connection check task end

2025-11-12 12:10:19,061 INFO ConnectionMetrics, totalCount = 0, detail = {long_connection=0, long_polling=0}

2025-11-12 12:10:19,691 INFO Connection check task start

2025-11-12 12:10:19,726 INFO Long connection metrics detail ,Total count =0, sdkCount=0,clusterCount=0

2025-11-12 12:10:19,749 INFO Out dated connection ,size=0

2025-11-12 12:10:19,760 INFO Connection check task end

2025-11-12 12:10:22,176 INFO ConnectionMetrics, totalCount = 0, detail = {long_connection=0, long_polling=0}

2025-11-12 12:10:22,924 INFO Connection check task start

2025-11-12 12:10:22,940 INFO Long connection metrics detail ,Total count =0, sdkCount=0,clusterCount=0

2025-11-12 12:10:23,126 INFO Out dated connection ,size=0

2025-11-12 12:10:23,161 INFO Connection check task end

2025-11-12 12:10:25,264 INFO ConnectionMetrics, totalCount = 0, detail = {long_connection=0, long_polling=0}

2025-11-12 12:10:26,742 INFO Connection check task start

2025-11-12 12:10:27,068 INFO Long connection metrics detail ,Total count =0, sdkCount=0,clusterCount=0

2025-11-12 12:10:27,185 INFO Out dated connection ,size=0

2025-11-12 12:10:27,238 INFO Connection check task end

2025-11-12 12:10:28,310 INFO ConnectionMetrics, totalCount = 0, detail = {long_connection=0, long_polling=0}

2025-11-12 12:10:33,230 INFO Connection check task start

2025-11-12 12:10:33,300 INFO ConnectionMetrics, totalCount = 0, detail = {long_connection=0, long_polling=0}

2025-11-12 12:10:33,346 INFO Long connection metrics detail ,Total count =0, sdkCount=0,clusterCount=0

2025-11-12 12:10:33,350 INFO Out dated connection ,size=0

2025-11-12 12:10:33,364 INFO Connection check task end

2025-11-12 12:10:36,459 INFO Connection check task start

2025-11-12 12:10:36,556 INFO ConnectionMetrics, totalCount = 0, detail = {long_connection=0, long_polling=0}

2025-11-12 12:10:36,654 INFO Long connection metrics detail ,Total count =0, sdkCount=0,clusterCount=0

2025-11-12 12:10:36,742 INFO Out dated connection ,size=0

2025-11-12 12:10:37,171 INFO Connection check task end

2025-11-12 12:10:39,985 INFO ConnectionMetrics, totalCount = 0, detail = {long_connection=0, long_polling=0}

2025-11-12 12:10:40,488 INFO Connection check task start

2025-11-12 12:10:40,791 INFO Long connection metrics detail ,Total count =0, sdkCount=0,clusterCount=0

2025-11-12 12:10:40,809 INFO Out dated connection ,size=0

2025-11-12 12:10:40,820 INFO Connection check task end

2025-11-12 12:10:43,371 INFO ConnectionMetrics, totalCount = 0, detail = {long_connection=0, long_polling=0}

2025-11-12 12:10:44,931 INFO Connection check task start

2025-11-12 12:10:45,180 INFO Long connection metrics detail ,Total count =0, sdkCount=0,clusterCount=0

2025-11-12 12:10:45,804 INFO Out dated connection ,size=0

2025-11-12 12:10:46,034 INFO Connection check task end

2025-11-12 12:10:46,982 INFO ConnectionMetrics, totalCount = 0, detail = {long_connection=0, long_polling=0}

2025-11-12 12:10:49,417 INFO Connection check task start

2025-11-12 12:10:49,855 INFO Long connection metrics detail ,Total count =0, sdkCount=0,clusterCount=0

2025-11-12 12:10:50,076 INFO Out dated connection ,size=0

2025-11-12 12:10:50,226 INFO Connection check task end

2025-11-12 12:10:50,240 INFO ConnectionMetrics, totalCount = 0, detail = {long_connection=0, long_polling=0}

2025-11-12 12:10:53,298 INFO Connection check task start

2025-11-12 12:10:53,487 INFO Long connection metrics detail ,Total count =0, sdkCount=0,clusterCount=0

2025-11-12 12:10:53,937 INFO Out dated connection ,size=0

2025-11-12 12:10:53,941 INFO ConnectionMetrics, totalCount = 0, detail = {long_connection=0, long_polling=0}

2025-11-12 12:10:54,165 INFO Connection check task end

2025-11-12 12:10:57,486 INFO ConnectionMetrics, totalCount = 0, detail = {long_connection=0, long_polling=0}

2025-11-12 12:10:57,588 INFO Connection check task start

2025-11-12 12:10:57,685 INFO Long connection metrics detail ,Total count =0, sdkCount=0,clusterCount=0

2025-11-12 12:10:57,839 INFO Out dated connection ,size=0

2025-11-12 12:10:57,910 INFO Connection check task end

2025-11-12 12:11:00,777 INFO ConnectionMetrics, totalCount = 0, detail = {long_connection=0, long_polling=0}

2025-11-12 12:11:01,135 INFO Connection check task start

2025-11-12 12:11:01,164 INFO Long connection metrics detail ,Total count =0, sdkCount=0,clusterCount=0

2025-11-12 12:11:01,246 INFO Out dated connection ,size=0

2025-11-12 12:11:01,378 INFO Connection check task end

2025-11-12 12:11:04,337 INFO ConnectionMetrics, totalCount = 0, detail = {long_connection=0, long_polling=0}

2025-11-12 12:11:04,582 INFO Connection check task start

2025-11-12 12:11:05,402 INFO Long connection metrics detail ,Total count =0, sdkCount=0,clusterCount=0

2025-11-12 12:11:05,404 INFO Out dated connection ,size=0

2025-11-12 12:11:05,434 INFO Connection check task end

2025-11-12 12:11:07,720 INFO ConnectionMetrics, totalCount = 0, detail = {long_connection=0, long_polling=0}

2025-11-12 12:11:08,443 INFO Connection check task start

2025-11-12 12:11:08,555 INFO Long connection metrics detail ,Total count =0, sdkCount=0,clusterCount=0

2025-11-12 12:11:09,034 INFO Out dated connection ,size=0

2025-11-12 12:11:09,092 INFO Connection check task end

2025-11-12 12:11:11,958 INFO ConnectionMetrics, totalCount = 0, detail = {long_connection=0, long_polling=0}

2025-11-12 12:11:12,214 INFO Connection check task start

2025-11-12 12:11:12,834 INFO Long connection metrics detail ,Total count =0, sdkCount=0,clusterCount=0

2025-11-12 12:11:13,434 INFO Out dated connection ,size=0

2025-11-12 12:11:13,737 INFO Connection check task end

2025-11-12 12:11:15,841 INFO ConnectionMetrics, totalCount = 0, detail = {long_connection=0, long_polling=0}

2025-11-12 12:11:17,064 INFO Connection check task start

2025-11-12 12:11:17,141 INFO Long connection metrics detail ,Total count =0, sdkCount=0,clusterCount=0

2025-11-12 12:11:17,200 INFO Out dated connection ,size=0

2025-11-12 12:11:17,335 INFO Connection check task end

2025-11-12 12:11:19,179 INFO ConnectionMetrics, totalCount = 0, detail = {long_connection=0, long_polling=0}

2025-11-12 12:11:20,516 INFO Connection check task start

2025-11-12 12:11:20,633 INFO Long connection metrics detail ,Total count =0, sdkCount=0,clusterCount=0

2025-11-12 12:11:20,805 INFO Out dated connection ,size=0

2025-11-12 12:11:21,085 INFO Connection check task end

2025-11-12 12:11:22,489 INFO ConnectionMetrics, totalCount = 0, detail = {long_connection=0, long_polling=0}

2025-11-12 12:11:24,250 INFO Connection check task start

2025-11-12 12:11:24,408 INFO Long connection metrics detail ,Total count =0, sdkCount=0,clusterCount=0

2025-11-12 12:11:24,548 INFO Out dated connection ,size=0

2025-11-12 12:11:24,876 INFO Connection check task end

2025-11-12 12:11:25,906 INFO ConnectionMetrics, totalCount = 0, detail = {long_connection=0, long_polling=0}

2025-11-12 12:11:28,129 INFO Connection check task start

2025-11-12 12:11:28,171 INFO Long connection metrics detail ,Total count =0, sdkCount=0,clusterCount=0

2025-11-12 12:11:28,666 INFO Out dated connection ,size=0

2025-11-12 12:11:29,223 INFO Connection check task end

2025-11-12 12:11:30,074 INFO ConnectionMetrics, totalCount = 0, detail = {long_connection=0, long_polling=0}

2025-11-12 12:11:32,593 INFO Connection check task start

2025-11-12 12:11:32,960 INFO Long connection metrics detail ,Total count =0, sdkCount=0,clusterCount=0

2025-11-12 12:11:33,874 INFO Out dated connection ,size=0

2025-11-12 12:11:33,970 INFO ConnectionMetrics, totalCount = 0, detail = {long_connection=0, long_polling=0}

2025-11-12 12:11:34,341 INFO Connection check task end

2025-11-12 12:11:38,115 INFO Connection check task start

2025-11-12 12:11:38,087 INFO ConnectionMetrics, totalCount = 0, detail = {long_connection=0, long_polling=0}

2025-11-12 12:11:38,533 INFO Long connection metrics detail ,Total count =0, sdkCount=0,clusterCount=0

2025-11-12 12:11:39,113 INFO Out dated connection ,size=0

2025-11-12 12:11:39,558 INFO Connection check task end

2025-11-12 12:11:41,966 INFO ConnectionMetrics, totalCount = 0, detail = {long_connection=0, long_polling=0}

2025-11-12 12:11:42,892 INFO Connection check task start

2025-11-12 12:11:42,965 INFO Long connection metrics detail ,Total count =0, sdkCount=0,clusterCount=0

2025-11-12 12:11:43,322 INFO Out dated connection ,size=0

2025-11-12 12:11:43,725 INFO Connection check task end

2025-11-12 12:11:45,367 INFO ConnectionMetrics, totalCount = 0, detail = {long_connection=0, long_polling=0}

2025-11-12 12:11:46,811 INFO Connection check task start

2025-11-12 12:11:46,999 INFO Long connection metrics detail ,Total count =0, sdkCount=0,clusterCount=0

2025-11-12 12:11:47,346 INFO Out dated connection ,size=0

2025-11-12 12:11:47,575 INFO Connection check task end

2025-11-12 12:11:49,142 INFO ConnectionMetrics, totalCount = 0, detail = {long_connection=0, long_polling=0}

2025-11-12 12:11:51,081 INFO Connection check task start

2025-11-12 12:11:59,091 INFO Long connection metrics detail ,Total count =0, sdkCount=0,clusterCount=0

2025-11-12 12:11:59,718 INFO Out dated connection ,size=0

2025-11-12 12:11:59,897 INFO Connection check task end

2025-11-12 12:12:02,379 INFO ConnectionMetrics, totalCount = 0, detail = {long_connection=0, long_polling=0}

2025-11-12 12:12:03,577 INFO Connection check task start

2025-11-12 12:12:03,887 INFO Long connection metrics detail ,Total count =0, sdkCount=0,clusterCount=0

2025-11-12 12:12:04,125 INFO Out dated connection ,size=0

2025-11-12 12:12:04,318 INFO Connection check task end

2025-11-12 12:12:06,639 INFO ConnectionMetrics, totalCount = 0, detail = {long_connection=0, long_polling=0}

2025-11-12 12:12:07,695 INFO Connection check task start

2025-11-12 12:12:07,928 INFO Long connection metrics detail ,Total count =0, sdkCount=0,clusterCount=0

2025-11-12 12:12:08,340 INFO Out dated connection ,size=0

2025-11-12 12:12:08,546 INFO Connection check task end

2025-11-12 12:12:10,550 INFO ConnectionMetrics, totalCount = 0, detail = {long_connection=0, long_polling=0}

2025-11-12 12:12:12,068 INFO Connection check task start

2025-11-12 12:12:12,642 INFO Long connection metrics detail ,Total count =0, sdkCount=0,clusterCount=0

2025-11-12 12:12:13,671 INFO Out dated connection ,size=0

2025-11-12 12:12:13,906 INFO Connection check task end

2025-11-12 12:12:14,032 INFO ConnectionMetrics, totalCount = 0, detail = {long_connection=0, long_polling=0}

2025-11-12 12:12:18,101 INFO ConnectionMetrics, totalCount = 0, detail = {long_connection=0, long_polling=0}

2025-11-12 12:12:17,595 INFO Connection check task start

2025-11-12 12:12:19,851 INFO Long connection metrics detail ,Total count =0, sdkCount=0,clusterCount=0

2025-11-12 12:12:20,312 INFO Out dated connection ,size=0

2025-11-12 12:12:20,912 INFO Connection check task end

2025-11-12 12:12:22,821 INFO ConnectionMetrics, totalCount = 0, detail = {long_connection=0, long_polling=0}

2025-11-12 12:12:24,544 INFO Connection check task start

2025-11-12 12:12:24,915 INFO Long connection metrics detail ,Total count =0, sdkCount=0,clusterCount=0

2025-11-12 12:12:25,535 INFO Out dated connection ,size=0

2025-11-12 12:12:25,778 INFO Connection check task end

2025-11-12 12:12:26,729 INFO ConnectionMetrics, totalCount = 0, detail = {long_connection=0, long_polling=0}

2025-11-12 12:12:29,519 INFO Connection check task start

2025-11-12 12:12:29,907 INFO Long connection metrics detail ,Total count =0, sdkCount=0,clusterCount=0

2025-11-12 12:12:30,319 INFO Out dated connection ,size=0

2025-11-12 12:12:30,353 INFO ConnectionMetrics, totalCount = 0, detail = {long_connection=0, long_polling=0}

2025-11-12 12:12:30,832 INFO Connection check task end

2025-11-12 12:12:34,186 INFO ConnectionMetrics, totalCount = 0, detail = {long_connection=0, long_polling=0}

2025-11-12 12:12:34,356 INFO Connection check task start

2025-11-12 12:12:34,399 INFO Long connection metrics detail ,Total count =0, sdkCount=0,clusterCount=0

2025-11-12 12:12:34,419 INFO Out dated connection ,size=0

2025-11-12 12:12:34,497 INFO Connection check task end

2025-11-12 12:12:37,340 INFO ConnectionMetrics, totalCount = 0, detail = {long_connection=0, long_polling=0}

2025-11-12 12:12:37,513 INFO Connection check task start

2025-11-12 12:12:37,521 INFO Long connection metrics detail ,Total count =0, sdkCount=0,clusterCount=0

2025-11-12 12:12:37,530 INFO Out dated connection ,size=0

2025-11-12 12:12:37,533 INFO Connection check task end

2025-11-12 12:12:40,461 INFO ConnectionMetrics, totalCount = 0, detail = {long_connection=0, long_polling=0}

2025-11-12 12:12:40,553 INFO Connection check task start

2025-11-12 12:12:40,669 INFO Long connection metrics detail ,Total count =0, sdkCount=0,clusterCount=0

2025-11-12 12:12:41,069 INFO Out dated connection ,size=0

2025-11-12 12:12:41,298 INFO Connection check task end

2025-11-12 12:12:43,563 INFO ConnectionMetrics, totalCount = 0, detail = {long_connection=0, long_polling=0}

2025-11-12 12:12:44,359 INFO Connection check task start

2025-11-12 12:12:44,375 INFO Long connection metrics detail ,Total count =0, sdkCount=0,clusterCount=0

2025-11-12 12:12:44,385 INFO Out dated connection ,size=0

2025-11-12 12:12:44,412 INFO Connection check task end

2025-11-12 12:12:46,579 INFO ConnectionMetrics, totalCount = 0, detail = {long_connection=0, long_polling=0}

2025-11-12 12:12:47,439 INFO Connection check task start

2025-11-12 12:12:47,448 INFO Long connection metrics detail ,Total count =0, sdkCount=0,clusterCount=0

2025-11-12 12:12:47,451 INFO Out dated connection ,size=0

2025-11-12 12:12:47,452 INFO Connection check task end

2025-11-12 12:12:49,640 INFO ConnectionMetrics, totalCount = 0, detail = {long_connection=0, long_polling=0}

2025-11-12 12:12:50,457 INFO Connection check task start

2025-11-12 12:12:50,461 INFO Long connection metrics detail ,Total count =0, sdkCount=0,clusterCount=0

2025-11-12 12:12:50,463 INFO Out dated connection ,size=0

2025-11-12 12:12:50,466 INFO Connection check task end

2025-11-12 12:12:52,764 INFO ConnectionMetrics, totalCount = 0, detail = {long_connection=0, long_polling=0}

2025-11-12 12:12:53,506 INFO Connection check task start

2025-11-12 12:12:53,744 INFO Long connection metrics detail ,Total count =0, sdkCount=0,clusterCount=0

2025-11-12 12:12:53,934 INFO Out dated connection ,size=0

2025-11-12 12:12:54,031 INFO Connection check task end

2025-11-12 12:12:55,930 INFO ConnectionMetrics, totalCount = 0, detail = {long_connection=0, long_polling=0}

2025-11-12 12:12:57,590 INFO Connection check task start

2025-11-12 12:12:57,853 INFO Long connection metrics detail ,Total count =0, sdkCount=0,clusterCount=0

2025-11-12 12:12:57,954 INFO Out dated connection ,size=0

2025-11-12 12:12:57,971 INFO Connection check task end

2025-11-12 12:12:59,176 INFO ConnectionMetrics, totalCount = 0, detail = {long_connection=0, long_polling=0}

2025-11-12 12:13:01,003 INFO Connection check task start

2025-11-12 12:13:01,097 INFO Long connection metrics detail ,Total count =0, sdkCount=0,clusterCount=0

2025-11-12 12:13:01,680 INFO Out dated connection ,size=0

2025-11-12 12:13:01,794 INFO Connection check task end

2025-11-12 12:13:02,448 INFO ConnectionMetrics, totalCount = 0, detail = {long_connection=0, long_polling=0}

2025-11-12 12:13:04,843 INFO Connection check task start

2025-11-12 12:13:05,042 INFO Long connection metrics detail ,Total count =0, sdkCount=0,clusterCount=0

2025-11-12 12:13:05,261 INFO Out dated connection ,size=0

2025-11-12 12:13:05,372 INFO Connection check task end

2025-11-12 12:13:05,704 INFO ConnectionMetrics, totalCount = 0, detail = {long_connection=0, long_polling=0}

2025-11-12 12:13:08,515 INFO Connection check task start

2025-11-12 12:13:08,822 INFO Long connection metrics detail ,Total count =0, sdkCount=0,clusterCount=0

2025-11-12 12:13:09,095 INFO ConnectionMetrics, totalCount = 0, detail = {long_connection=0, long_polling=0}

2025-11-12 12:13:09,771 INFO Out dated connection ,size=0

2025-11-12 12:13:10,445 INFO Connection check task end

2025-11-12 12:13:13,446 INFO ConnectionMetrics, totalCount = 0, detail = {long_connection=0, long_polling=0}

2025-11-12 12:13:13,751 INFO Connection check task start

2025-11-12 12:13:14,064 INFO Long connection metrics detail ,Total count =0, sdkCount=0,clusterCount=0

2025-11-12 12:13:14,614 INFO Out dated connection ,size=0

2025-11-12 12:13:14,836 INFO Connection check task end

2025-11-12 12:13:17,907 INFO ConnectionMetrics, totalCount = 0, detail = {long_connection=0, long_polling=0}

2025-11-12 12:13:18,683 INFO Connection check task start

2025-11-12 12:13:19,266 INFO Long connection metrics detail ,Total count =0, sdkCount=0,clusterCount=0

2025-11-12 12:13:19,274 INFO Out dated connection ,size=0

2025-11-12 12:13:19,279 INFO Connection check task end

2025-11-12 12:13:22,355 INFO ConnectionMetrics, totalCount = 0, detail = {long_connection=0, long_polling=0}

2025-11-12 12:13:22,503 INFO Connection check task start

2025-11-12 12:13:22,916 INFO Long connection metrics detail ,Total count =0, sdkCount=0,clusterCount=0

2025-11-12 12:13:23,492 INFO Out dated connection ,size=0

2025-11-12 12:13:23,605 INFO Connection check task end

2025-11-12 12:13:26,320 INFO ConnectionMetrics, totalCount = 0, detail = {long_connection=0, long_polling=0}

2025-11-12 12:13:28,779 INFO Connection check task start

2025-11-12 12:13:29,448 INFO Long connection metrics detail ,Total count =0, sdkCount=0,clusterCount=0

2025-11-12 12:13:30,106 INFO Out dated connection ,size=0

2025-11-12 12:13:30,490 INFO Connection check task end

2025-11-12 12:13:29,926 INFO ConnectionMetrics, totalCount = 0, detail = {long_connection=0, long_polling=0}

2025-11-12 12:13:33,821 INFO Connection check task start

2025-11-12 12:13:34,046 INFO Long connection metrics detail ,Total count =0, sdkCount=0,clusterCount=0

2025-11-12 12:13:34,321 INFO Out dated connection ,size=0

2025-11-12 12:13:34,689 INFO Connection check task end

2025-11-12 12:13:34,712 INFO ConnectionMetrics, totalCount = 0, detail = {long_connection=0, long_polling=0}

2025-11-12 12:17:10,424 INFO Fail to find connection runtime ejector for name nacos,use default

2025-11-12 12:17:11,685 INFO Connection check task start

2025-11-12 12:17:11,825 INFO Long connection metrics detail ,Total count =0, sdkCount=0,clusterCount=0

2025-11-12 12:17:11,921 INFO Out dated connection ,size=0

2025-11-12 12:17:11,921 INFO Connection check task end

2025-11-12 12:17:13,877 INFO ConnectionMetrics, totalCount = 0, detail = {long_connection=0, long_polling=0}

2025-11-12 12:17:16,892 INFO Connection check task start

2025-11-12 12:17:16,894 INFO Long connection metrics detail ,Total count =0, sdkCount=0,clusterCount=0

2025-11-12 12:17:16,935 INFO ConnectionMetrics, totalCount = 0, detail = {long_connection=0, long_polling=0}

2025-11-12 12:17:17,176 INFO Out dated connection ,size=0

2025-11-12 12:17:17,189 INFO Connection check task end

2025-11-12 12:17:20,207 INFO Connection check task start

2025-11-12 12:17:20,256 INFO Long connection metrics detail ,Total count =0, sdkCount=0,clusterCount=0

2025-11-12 12:17:20,295 INFO ConnectionMetrics, totalCount = 0, detail = {long_connection=0, long_polling=0}

2025-11-12 12:17:20,329 INFO Out dated connection ,size=0

2025-11-12 12:17:20,330 INFO Connection check task end

2025-11-12 12:17:23,363 INFO Connection check task start

2025-11-12 12:17:23,375 INFO ConnectionMetrics, totalCount = 0, detail = {long_connection=0, long_polling=0}

2025-11-12 12:17:23,413 INFO Long connection metrics detail ,Total count =0, sdkCount=0,clusterCount=0

2025-11-12 12:17:23,418 INFO Out dated connection ,size=0

2025-11-12 12:17:23,420 INFO Connection check task end

2025-11-12 12:17:26,690 INFO Connection check task start

2025-11-12 12:17:27,300 INFO Long connection metrics detail ,Total count =0, sdkCount=0,clusterCount=0

2025-11-12 12:17:27,305 INFO Out dated connection ,size=0

2025-11-12 12:17:27,406 INFO Connection check task end

2025-11-12 12:17:27,449 INFO ConnectionMetrics, totalCount = 0, detail = {long_connection=0, long_polling=0}

2025-11-12 12:17:30,701 INFO Connection check task start

2025-11-12 12:17:30,736 INFO Long connection metrics detail ,Total count =0, sdkCount=0,clusterCount=0

2025-11-12 12:17:30,699 INFO ConnectionMetrics, totalCount = 0, detail = {long_connection=0, long_polling=0}

2025-11-12 12:17:30,739 INFO Out dated connection ,size=0

2025-11-12 12:17:30,749 INFO Connection check task end

2025-11-12 12:17:33,765 INFO Connection check task start

2025-11-12 12:17:33,765 INFO ConnectionMetrics, totalCount = 0, detail = {long_connection=0, long_polling=0}

2025-11-12 12:17:33,769 INFO Long connection metrics detail ,Total count =0, sdkCount=0,clusterCount=0

2025-11-12 12:17:33,769 INFO Out dated connection ,size=0

2025-11-12 12:17:33,770 INFO Connection check task end

2025-11-12 12:17:36,808 INFO Connection check task start

2025-11-12 12:17:36,898 INFO ConnectionMetrics, totalCount = 0, detail = {long_connection=0, long_polling=0}

2025-11-12 12:17:36,898 INFO Long connection metrics detail ,Total count =0, sdkCount=0,clusterCount=0

2025-11-12 12:17:36,908 INFO Out dated connection ,size=0

2025-11-12 12:17:36,909 INFO Connection check task end

2025-11-12 12:17:40,003 INFO Connection check task start

2025-11-12 12:17:40,007 INFO Long connection metrics detail ,Total count =0, sdkCount=0,clusterCount=0

2025-11-12 12:17:40,011 INFO Out dated connection ,size=0

2025-11-12 12:17:40,012 INFO Connection check task end

2025-11-12 12:17:40,012 INFO ConnectionMetrics, totalCount = 0, detail = {long_connection=0, long_polling=0}

2025-11-12 12:17:43,120 INFO Connection check task start

2025-11-12 12:17:43,548 INFO ConnectionMetrics, totalCount = 0, detail = {long_connection=0, long_polling=0}

2025-11-12 12:17:43,545 INFO Long connection metrics detail ,Total count =0, sdkCount=0,clusterCount=0

2025-11-12 12:17:43,752 INFO Out dated connection ,size=0

2025-11-12 12:17:43,796 INFO Connection check task end

2025-11-12 12:17:46,838 INFO Connection check task start

2025-11-12 12:17:47,015 INFO Long connection metrics detail ,Total count =0, sdkCount=0,clusterCount=0

2025-11-12 12:17:46,982 INFO ConnectionMetrics, totalCount = 0, detail = {long_connection=0, long_polling=0}

2025-11-12 12:17:47,658 INFO Out dated connection ,size=0

2025-11-12 12:17:47,827 INFO Connection check task end

2025-11-12 12:17:51,977 INFO Connection check task start

2025-11-12 12:17:52,466 INFO Long connection metrics detail ,Total count =0, sdkCount=0,clusterCount=0

2025-11-12 12:17:51,999 INFO ConnectionMetrics, totalCount = 0, detail = {long_connection=0, long_polling=0}

2025-11-12 12:17:52,646 INFO Out dated connection ,size=0

2025-11-12 12:17:52,894 INFO Connection check task end

2025-11-12 12:17:55,707 INFO ConnectionMetrics, totalCount = 0, detail = {long_connection=0, long_polling=0}

2025-11-12 12:17:55,988 INFO Connection check task start

2025-11-12 12:17:56,198 INFO Long connection metrics detail ,Total count =0, sdkCount=0,clusterCount=0

2025-11-12 12:17:56,485 INFO Out dated connection ,size=0

2025-11-12 12:17:58,397 INFO Connection check task end

2025-11-12 12:17:59,254 INFO ConnectionMetrics, totalCount = 0, detail = {long_connection=0, long_polling=0}

2025-11-12 12:18:02,238 INFO Connection check task start

2025-11-12 12:18:02,287 INFO Long connection metrics detail ,Total count =0, sdkCount=0,clusterCount=0

2025-11-12 12:18:02,493 INFO Out dated connection ,size=0

2025-11-12 12:18:02,532 INFO Connection check task end

2025-11-12 12:18:02,525 INFO ConnectionMetrics, totalCount = 0, detail = {long_connection=0, long_polling=0}

2025-11-12 12:18:05,647 INFO Connection check task start

2025-11-12 12:18:05,691 INFO ConnectionMetrics, totalCount = 0, detail = {long_connection=0, long_polling=0}

2025-11-12 12:18:05,881 INFO Long connection metrics detail ,Total count =0, sdkCount=0,clusterCount=0

2025-11-12 12:18:05,882 INFO Out dated connection ,size=0

2025-11-12 12:18:05,882 INFO Connection check task end

2025-11-12 12:18:08,883 INFO Connection check task start

2025-11-12 12:18:08,888 INFO ConnectionMetrics, totalCount = 0, detail = {long_connection=0, long_polling=0}

2025-11-12 12:18:08,903 INFO Long connection metrics detail ,Total count =0, sdkCount=0,clusterCount=0

2025-11-12 12:18:08,933 INFO Out dated connection ,size=0

2025-11-12 12:18:08,942 INFO Connection check task end

2025-11-12 12:18:11,977 INFO Connection check task start

2025-11-12 12:18:12,056 INFO ConnectionMetrics, totalCount = 0, detail = {long_connection=0, long_polling=0}

2025-11-12 12:18:12,282 INFO Long connection metrics detail ,Total count =0, sdkCount=0,clusterCount=0

2025-11-12 12:18:12,288 INFO Out dated connection ,size=0

2025-11-12 12:18:12,303 INFO Connection check task end

2025-11-12 12:18:15,290 INFO ConnectionMetrics, totalCount = 0, detail = {long_connection=0, long_polling=0}

2025-11-12 12:18:15,345 INFO Connection check task start

2025-11-12 12:18:15,390 INFO Long connection metrics detail ,Total count =0, sdkCount=0,clusterCount=0

2025-11-12 12:18:15,393 INFO Out dated connection ,size=0

2025-11-12 12:18:15,393 INFO Connection check task end

2025-11-12 12:18:18,433 INFO Connection check task start

2025-11-12 12:18:18,559 INFO ConnectionMetrics, totalCount = 0, detail = {long_connection=0, long_polling=0}

2025-11-12 12:18:18,562 INFO Long connection metrics detail ,Total count =0, sdkCount=0,clusterCount=0

2025-11-12 12:18:18,695 INFO Out dated connection ,size=0

2025-11-12 12:18:18,874 INFO Connection check task end

2025-11-12 12:18:21,879 INFO ConnectionMetrics, totalCount = 0, detail = {long_connection=0, long_polling=0}

2025-11-12 12:18:22,350 INFO Connection check task start

2025-11-12 12:18:22,383 INFO Long connection metrics detail ,Total count =0, sdkCount=0,clusterCount=0

2025-11-12 12:18:22,385 INFO Out dated connection ,size=0

2025-11-12 12:18:22,394 INFO Connection check task end

2025-11-12 12:18:25,237 INFO ConnectionMetrics, totalCount = 0, detail = {long_connection=0, long_polling=0}

2025-11-12 12:18:25,434 INFO Connection check task start

2025-11-12 12:18:25,481 INFO Long connection metrics detail ,Total count =0, sdkCount=0,clusterCount=0

2025-11-12 12:18:25,642 INFO Out dated connection ,size=0

2025-11-12 12:18:25,646 INFO Connection check task end

2025-11-12 12:18:28,767 INFO ConnectionMetrics, totalCount = 0, detail = {long_connection=0, long_polling=0}

2025-11-12 12:18:28,775 INFO Connection check task start

2025-11-12 12:18:28,854 INFO Long connection metrics detail ,Total count =0, sdkCount=0,clusterCount=0

2025-11-12 12:18:29,151 INFO Out dated connection ,size=0

2025-11-12 12:18:29,232 INFO Connection check task end

2025-11-12 12:18:31,932 INFO ConnectionMetrics, totalCount = 0, detail = {long_connection=0, long_polling=0}

2025-11-12 12:18:32,410 INFO Connection check task start

2025-11-12 12:18:32,610 INFO Long connection metrics detail ,Total count =0, sdkCount=0,clusterCount=0

2025-11-12 12:18:32,866 INFO Out dated connection ,size=0

2025-11-12 12:18:33,135 INFO Connection check task end

2025-11-12 12:18:35,286 INFO ConnectionMetrics, totalCount = 0, detail = {long_connection=0, long_polling=0}

2025-11-12 12:18:36,239 INFO Connection check task start

2025-11-12 12:18:36,324 INFO Long connection metrics detail ,Total count =0, sdkCount=0,clusterCount=0

2025-11-12 12:18:36,377 INFO Out dated connection ,size=0

2025-11-12 12:18:36,383 INFO Connection check task end

2025-11-12 12:18:39,100 INFO ConnectionMetrics, totalCount = 0, detail = {long_connection=0, long_polling=0}

2025-11-12 12:18:40,037 INFO Connection check task start

2025-11-12 12:18:40,166 INFO Long connection metrics detail ,Total count =0, sdkCount=0,clusterCount=0

2025-11-12 12:18:40,342 INFO Out dated connection ,size=0

2025-11-12 12:18:40,446 INFO Connection check task end

2025-11-12 12:18:42,321 INFO ConnectionMetrics, totalCount = 0, detail = {long_connection=0, long_polling=0}

2025-11-12 12:18:43,756 INFO Connection check task start

2025-11-12 12:18:43,990 INFO Long connection metrics detail ,Total count =0, sdkCount=0,clusterCount=0

2025-11-12 12:18:44,026 INFO Out dated connection ,size=0

2025-11-12 12:18:44,030 INFO Connection check task end

2025-11-12 12:18:45,719 INFO ConnectionMetrics, totalCount = 0, detail = {long_connection=0, long_polling=0}

2025-11-12 12:18:47,233 INFO Connection check task start

2025-11-12 12:18:47,349 INFO Long connection metrics detail ,Total count =0, sdkCount=0,clusterCount=0

2025-11-12 12:18:47,567 INFO Out dated connection ,size=0

2025-11-12 12:18:47,629 INFO Connection check task end

2025-11-12 12:18:48,940 INFO ConnectionMetrics, totalCount = 0, detail = {long_connection=0, long_polling=0}

2025-11-12 12:18:50,769 INFO Connection check task start

2025-11-12 12:18:50,970 INFO Long connection metrics detail ,Total count =0, sdkCount=0,clusterCount=0

2025-11-12 12:18:51,185 INFO Out dated connection ,size=0

2025-11-12 12:18:51,192 INFO Connection check task end

2025-11-12 12:18:52,235 INFO ConnectionMetrics, totalCount = 0, detail = {long_connection=0, long_polling=0}

2025-11-12 12:18:54,277 INFO Connection check task start

2025-11-12 12:18:54,544 INFO Long connection metrics detail ,Total count =0, sdkCount=0,clusterCount=0

2025-11-12 12:18:54,630 INFO Out dated connection ,size=0

2025-11-12 12:18:54,712 INFO Connection check task end

2025-11-12 12:18:55,490 INFO ConnectionMetrics, totalCount = 0, detail = {long_connection=0, long_polling=0}

2025-11-12 12:18:58,010 INFO Connection check task start

2025-11-12 12:18:58,202 INFO Long connection metrics detail ,Total count =0, sdkCount=0,clusterCount=0

2025-11-12 12:18:58,216 INFO Out dated connection ,size=0

2025-11-12 12:18:58,223 INFO Connection check task end

2025-11-12 12:18:58,847 INFO ConnectionMetrics, totalCount = 0, detail = {long_connection=0, long_polling=0}

2025-11-12 12:19:01,488 INFO Connection check task start

2025-11-12 12:19:01,661 INFO Long connection metrics detail ,Total count =0, sdkCount=0,clusterCount=0

2025-11-12 12:19:01,776 INFO Out dated connection ,size=0

2025-11-12 12:19:01,998 INFO ConnectionMetrics, totalCount = 0, detail = {long_connection=0, long_polling=0}

2025-11-12 12:19:02,110 INFO Connection check task end

2025-11-12 12:19:05,263 INFO ConnectionMetrics, totalCount = 0, detail = {long_connection=0, long_polling=0}

2025-11-12 12:19:06,259 INFO Connection check task start

2025-11-12 12:19:06,434 INFO Long connection metrics detail ,Total count =0, sdkCount=0,clusterCount=0

2025-11-12 12:19:07,311 INFO Out dated connection ,size=0

2025-11-12 12:19:07,434 INFO Connection check task end

2025-11-12 12:19:09,504 INFO ConnectionMetrics, totalCount = 0, detail = {long_connection=0, long_polling=0}

2025-11-12 12:19:10,809 INFO Connection check task start

2025-11-12 12:19:10,846 INFO Long connection metrics detail ,Total count =0, sdkCount=0,clusterCount=0

2025-11-12 12:19:10,903 INFO Out dated connection ,size=0

2025-11-12 12:19:10,956 INFO Connection check task end

2025-11-12 12:19:13,604 INFO ConnectionMetrics, totalCount = 0, detail = {long_connection=0, long_polling=0}

2025-11-12 12:19:13,969 INFO Connection check task start

2025-11-12 12:19:14,062 INFO Long connection metrics detail ,Total count =0, sdkCount=0,clusterCount=0

2025-11-12 12:19:14,121 INFO Out dated connection ,size=0

2025-11-12 12:19:14,162 INFO Connection check task end

2025-11-12 12:19:16,633 INFO ConnectionMetrics, totalCount = 0, detail = {long_connection=0, long_polling=0}

2025-11-12 12:19:17,181 INFO Connection check task start

2025-11-12 12:19:17,187 INFO Long connection metrics detail ,Total count =0, sdkCount=0,clusterCount=0

2025-11-12 12:19:17,188 INFO Out dated connection ,size=0

2025-11-12 12:19:17,190 INFO Connection check task end

2025-11-12 12:19:19,773 INFO ConnectionMetrics, totalCount = 0, detail = {long_connection=0, long_polling=0}

2025-11-12 12:19:20,214 INFO Connection check task start

2025-11-12 12:19:20,234 INFO Long connection metrics detail ,Total count =0, sdkCount=0,clusterCount=0

2025-11-12 12:19:20,522 INFO Out dated connection ,size=0

2025-11-12 12:19:20,526 INFO Connection check task end

2025-11-12 12:19:22,852 INFO ConnectionMetrics, totalCount = 0, detail = {long_connection=0, long_polling=0}

2025-11-12 12:19:23,605 INFO Connection check task start

2025-11-12 12:19:23,649 INFO Long connection metrics detail ,Total count =0, sdkCount=0,clusterCount=0

2025-11-12 12:19:23,747 INFO Out dated connection ,size=0

2025-11-12 12:19:23,871 INFO Connection check task end

2025-11-12 12:19:26,579 INFO ConnectionMetrics, totalCount = 0, detail = {long_connection=0, long_polling=0}

2025-11-12 12:19:26,914 INFO Connection check task start

2025-11-12 12:19:27,192 INFO Long connection metrics detail ,Total count =0, sdkCount=0,clusterCount=0

2025-11-12 12:19:27,448 INFO Out dated connection ,size=0

2025-11-12 12:19:27,612 INFO Connection check task end

2025-11-12 12:23:31,464 INFO Fail to find connection runtime ejector for name nacos,use default

2025-11-12 12:23:33,139 INFO Connection check task start

2025-11-12 12:23:33,808 INFO Long connection metrics detail ,Total count =0, sdkCount=0,clusterCount=0

2025-11-12 12:23:34,269 INFO Out dated connection ,size=0

2025-11-12 12:23:34,280 INFO Connection check task end

2025-11-12 12:23:36,076 INFO ConnectionMetrics, totalCount = 0, detail = {long_connection=0, long_polling=0}

2025-11-12 12:23:39,265 INFO ConnectionMetrics, totalCount = 0, detail = {long_connection=0, long_polling=0}

2025-11-12 12:23:42,360 INFO ConnectionMetrics, totalCount = 0, detail = {long_connection=0, long_polling=0}

2025-11-12 12:23:45,623 INFO ConnectionMetrics, totalCount = 0, detail = {long_connection=0, long_polling=0}

2025-11-12 12:23:46,060 INFO Connection check task start

2025-11-12 12:23:46,115 INFO Long connection metrics detail ,Total count =0, sdkCount=0,clusterCount=0

2025-11-12 12:23:46,177 INFO Out dated connection ,size=0

2025-11-12 12:23:46,599 INFO Connection check task end

2025-11-12 12:23:48,680 INFO ConnectionMetrics, totalCount = 0, detail = {long_connection=0, long_polling=0}

2025-11-12 12:23:49,649 INFO Connection check task start

2025-11-12 12:23:49,800 INFO Long connection metrics detail ,Total count =0, sdkCount=0,clusterCount=0

2025-11-12 12:23:49,819 INFO Out dated connection ,size=0

2025-11-12 12:23:49,838 INFO Connection check task end

2025-11-12 12:23:51,769 INFO ConnectionMetrics, totalCount = 0, detail = {long_connection=0, long_polling=0}

2025-11-12 12:23:52,873 INFO Connection check task start

2025-11-12 12:23:52,895 INFO Long connection metrics detail ,Total count =0, sdkCount=0,clusterCount=0

2025-11-12 12:23:52,946 INFO Out dated connection ,size=0

2025-11-12 12:23:52,965 INFO Connection check task end

2025-11-12 12:23:54,877 INFO ConnectionMetrics, totalCount = 0, detail = {long_connection=0, long_polling=0}

2025-11-12 12:23:56,009 INFO Connection check task start

2025-11-12 12:23:56,023 INFO Long connection metrics detail ,Total count =0, sdkCount=0,clusterCount=0

2025-11-12 12:23:56,068 INFO Out dated connection ,size=0

2025-11-12 12:23:56,137 INFO Connection check task end

2025-11-12 12:23:58,004 INFO ConnectionMetrics, totalCount = 0, detail = {long_connection=0, long_polling=0}

2025-11-12 12:23:59,370 INFO Connection check task start

2025-11-12 12:23:59,839 INFO Long connection metrics detail ,Total count =0, sdkCount=0,clusterCount=0

2025-11-12 12:23:59,885 INFO Out dated connection ,size=0

2025-11-12 12:23:59,932 INFO Connection check task end

2025-11-12 12:24:01,413 INFO ConnectionMetrics, totalCount = 0, detail = {long_connection=0, long_polling=0}

2025-11-12 12:24:03,057 INFO Connection check task start

2025-11-12 12:24:03,098 INFO Long connection metrics detail ,Total count =0, sdkCount=0,clusterCount=0

2025-11-12 12:24:03,317 INFO Out dated connection ,size=0

2025-11-12 12:24:03,387 INFO Connection check task end

2025-11-12 12:24:04,862 INFO ConnectionMetrics, totalCount = 0, detail = {long_connection=0, long_polling=0}

2025-11-12 12:24:06,463 INFO Connection check task start

2025-11-12 12:24:06,492 INFO Long connection metrics detail ,Total count =0, sdkCount=0,clusterCount=0

2025-11-12 12:24:06,948 INFO Out dated connection ,size=0

2025-11-12 12:24:07,269 INFO Connection check task end

2025-11-12 12:24:08,440 INFO ConnectionMetrics, totalCount = 0, detail = {long_connection=0, long_polling=0}

2025-11-12 12:24:10,830 INFO Connection check task start

2025-11-12 12:24:15,480 INFO ConnectionMetrics, totalCount = 0, detail = {long_connection=0, long_polling=0}

2025-11-12 12:24:15,656 INFO Long connection metrics detail ,Total count =0, sdkCount=0,clusterCount=0

2025-11-12 12:24:15,800 INFO Out dated connection ,size=0

2025-11-12 12:24:15,865 INFO Connection check task end

2025-11-12 12:24:19,146 INFO ConnectionMetrics, totalCount = 0, detail = {long_connection=0, long_polling=0}

2025-11-12 12:24:19,340 INFO Connection check task start

2025-11-12 12:24:20,015 INFO Long connection metrics detail ,Total count =0, sdkCount=0,clusterCount=0

2025-11-12 12:24:20,407 INFO Out dated connection ,size=0

2025-11-12 12:24:21,160 INFO Connection check task end

2025-11-12 12:24:22,676 INFO ConnectionMetrics, totalCount = 0, detail = {long_connection=0, long_polling=0}

2025-11-12 12:24:25,047 INFO Connection check task start

2025-11-12 12:24:25,300 INFO Long connection metrics detail ,Total count =0, sdkCount=0,clusterCount=0

2025-11-12 12:24:25,666 INFO Out dated connection ,size=0

2025-11-12 12:24:25,824 INFO Connection check task end

2025-11-12 12:24:26,979 INFO ConnectionMetrics, totalCount = 0, detail = {long_connection=0, long_polling=0}

2025-11-12 12:24:30,429 INFO Connection check task start

2025-11-12 12:31:50,198 INFO Fail to find connection runtime ejector for name nacos,use default

2025-11-12 12:31:51,234 INFO Connection check task start

2025-11-12 12:31:51,302 INFO Long connection metrics detail ,Total count =0, sdkCount=0,clusterCount=0

2025-11-12 12:31:51,321 INFO Out dated connection ,size=0

2025-11-12 12:31:51,326 INFO Connection check task end

2025-11-12 12:31:53,995 INFO ConnectionMetrics, totalCount = 0, detail = {long_connection=0, long_polling=0}

2025-11-12 12:31:55,790 INFO Connection check task start

2025-11-12 12:31:55,817 INFO Long connection metrics detail ,Total count =0, sdkCount=0,clusterCount=0

2025-11-12 12:31:55,819 INFO Out dated connection ,size=0

2025-11-12 12:31:55,823 INFO Connection check task end

2025-11-12 12:31:57,242 INFO ConnectionMetrics, totalCount = 0, detail = {long_connection=0, long_polling=0}

2025-11-12 12:31:58,861 INFO Connection check task start

2025-11-12 12:31:59,256 INFO Long connection metrics detail ,Total count =0, sdkCount=0,clusterCount=0

2025-11-12 12:31:59,334 INFO Out dated connection ,size=0

2025-11-12 12:31:59,400 INFO Connection check task end

2025-11-12 12:32:00,800 INFO ConnectionMetrics, totalCount = 0, detail = {long_connection=0, long_polling=0}

2025-11-12 12:32:02,475 INFO Connection check task start

2025-11-12 12:32:02,636 INFO Long connection metrics detail ,Total count =0, sdkCount=0,clusterCount=0

2025-11-12 12:32:02,725 INFO Out dated connection ,size=0

2025-11-12 12:32:02,866 INFO Connection check task end

2025-11-12 12:32:04,104 INFO ConnectionMetrics, totalCount = 0, detail = {long_connection=0, long_polling=0}

2025-11-12 12:32:05,981 INFO Connection check task start

2025-11-12 12:32:06,076 INFO Long connection metrics detail ,Total count =0, sdkCount=0,clusterCount=0

2025-11-12 12:32:06,328 INFO Out dated connection ,size=0

2025-11-12 12:32:06,545 INFO Connection check task end

2025-11-12 12:32:07,558 INFO ConnectionMetrics, totalCount = 0, detail = {long_connection=0, long_polling=0}

2025-11-12 12:32:09,663 INFO Connection check task start

2025-11-12 12:32:09,824 INFO Long connection metrics detail ,Total count =0, sdkCount=0,clusterCount=0

2025-11-12 12:32:09,928 INFO Out dated connection ,size=0

2025-11-12 12:32:10,112 INFO Connection check task end

2025-11-12 12:32:11,151 INFO ConnectionMetrics, totalCount = 0, detail = {long_connection=0, long_polling=0}

2025-11-12 12:32:13,334 INFO Connection check task start

2025-11-12 12:32:13,484 INFO Long connection metrics detail ,Total count =0, sdkCount=0,clusterCount=0

2025-11-12 12:32:13,641 INFO Out dated connection ,size=0

2025-11-12 12:32:13,764 INFO Connection check task end

2025-11-12 12:32:14,335 INFO ConnectionMetrics, totalCount = 0, detail = {long_connection=0, long_polling=0}

2025-11-12 12:32:16,909 INFO Connection check task start

2025-11-12 12:32:17,057 INFO Long connection metrics detail ,Total count =0, sdkCount=0,clusterCount=0

2025-11-12 12:32:17,230 INFO Out dated connection ,size=0

2025-11-12 12:32:17,453 INFO Connection check task end

2025-11-12 12:32:18,066 INFO ConnectionMetrics, totalCount = 0, detail = {long_connection=0, long_polling=0}

2025-11-12 12:32:20,969 INFO Connection check task start

2025-11-12 12:32:21,581 INFO Long connection metrics detail ,Total count =0, sdkCount=0,clusterCount=0

2025-11-12 12:32:22,163 INFO Out dated connection ,size=0

2025-11-12 12:32:23,948 INFO Connection check task end

2025-11-12 12:32:22,854 INFO ConnectionMetrics, totalCount = 0, detail = {long_connection=0, long_polling=0}

2025-11-12 12:32:27,682 INFO Connection check task start

2025-11-12 12:32:27,985 INFO Long connection metrics detail ,Total count =0, sdkCount=0,clusterCount=0

2025-11-12 12:32:28,734 INFO ConnectionMetrics, totalCount = 0, detail = {long_connection=0, long_polling=0}

2025-11-12 12:32:29,292 INFO Out dated connection ,size=0

2025-11-12 12:32:29,650 INFO Connection check task end

2025-11-12 12:32:33,126 INFO ConnectionMetrics, totalCount = 0, detail = {long_connection=0, long_polling=0}

2025-11-12 12:32:33,105 INFO Connection check task start

2025-11-12 12:32:34,273 INFO Long connection metrics detail ,Total count =0, sdkCount=0,clusterCount=0

2025-11-12 12:32:34,717 INFO Out dated connection ,size=0

2025-11-12 12:32:35,238 INFO Connection check task end

2025-11-12 12:32:37,490 INFO ConnectionMetrics, totalCount = 0, detail = {long_connection=0, long_polling=0}

2025-11-12 12:32:39,129 INFO Connection check task start

2025-11-12 12:32:39,653 INFO Long connection metrics detail ,Total count =0, sdkCount=0,clusterCount=0

2025-11-12 12:32:40,463 INFO Out dated connection ,size=0

2025-11-12 12:32:40,909 INFO Connection check task end

2025-11-12 12:32:42,007 INFO ConnectionMetrics, totalCount = 0, detail = {long_connection=0, long_polling=0}

2025-11-12 12:32:44,476 INFO Connection check task start

2025-11-12 12:32:44,564 INFO Long connection metrics detail ,Total count =0, sdkCount=0,clusterCount=0

2025-11-12 12:32:45,268 INFO Out dated connection ,size=0

2025-11-12 12:32:45,488 INFO Connection check task end

2025-11-12 12:32:45,477 INFO ConnectionMetrics, totalCount = 0, detail = {long_connection=0, long_polling=0}

2025-11-12 12:32:48,541 INFO Connection check task start

2025-11-12 12:32:48,569 INFO ConnectionMetrics, totalCount = 0, detail = {long_connection=0, long_polling=0}

2025-11-12 12:32:48,597 INFO Long connection metrics detail ,Total count =0, sdkCount=0,clusterCount=0

2025-11-12 12:32:48,739 INFO Out dated connection ,size=0

2025-11-12 12:32:48,813 INFO Connection check task end

2025-11-12 12:32:52,020 INFO ConnectionMetrics, totalCount = 0, detail = {long_connection=0, long_polling=0}

2025-11-12 12:32:52,119 INFO Connection check task start

2025-11-12 12:32:52,382 INFO Long connection metrics detail ,Total count =0, sdkCount=0,clusterCount=0

2025-11-12 12:32:52,496 INFO Out dated connection ,size=0

2025-11-12 12:32:52,694 INFO Connection check task end

2025-11-12 12:32:55,530 INFO ConnectionMetrics, totalCount = 0, detail = {long_connection=0, long_polling=0}

2025-11-12 12:32:55,894 INFO Connection check task start

2025-11-12 12:32:55,973 INFO Long connection metrics detail ,Total count =0, sdkCount=0,clusterCount=0

2025-11-12 12:32:56,095 INFO Out dated connection ,size=0

2025-11-12 12:32:56,188 INFO Connection check task end

2025-11-12 12:32:58,906 INFO ConnectionMetrics, totalCount = 0, detail = {long_connection=0, long_polling=0}

2025-11-12 12:32:59,359 INFO Connection check task start

2025-11-12 12:32:59,764 INFO Long connection metrics detail ,Total count =0, sdkCount=0,clusterCount=0

2025-11-12 12:32:59,839 INFO Out dated connection ,size=0

2025-11-12 12:32:59,997 INFO Connection check task end

2025-11-12 12:33:02,618 INFO ConnectionMetrics, totalCount = 0, detail = {long_connection=0, long_polling=0}

2025-11-12 12:33:04,093 INFO Connection check task start

2025-11-12 12:33:04,275 INFO Long connection metrics detail ,Total count =0, sdkCount=0,clusterCount=0

2025-11-12 12:33:04,705 INFO Out dated connection ,size=0

2025-11-12 12:33:04,802 INFO Connection check task end

2025-11-12 12:33:06,641 INFO ConnectionMetrics, totalCount = 0, detail = {long_connection=0, long_polling=0}

2025-11-12 12:33:08,153 INFO Connection check task start

2025-11-12 12:33:08,312 INFO Long connection metrics detail ,Total count =0, sdkCount=0,clusterCount=0

2025-11-12 12:33:09,245 INFO Out dated connection ,size=0

2025-11-12 12:33:09,592 INFO Connection check task end

2025-11-12 12:33:10,104 INFO ConnectionMetrics, totalCount = 0, detail = {long_connection=0, long_polling=0}

2025-11-12 12:33:13,180 INFO Connection check task start

2025-11-12 12:33:13,608 INFO Long connection metrics detail ,Total count =0, sdkCount=0,clusterCount=0

2025-11-12 12:33:13,791 INFO Out dated connection ,size=0

2025-11-12 12:33:13,866 INFO Connection check task end

2025-11-12 12:33:13,861 INFO ConnectionMetrics, totalCount = 0, detail = {long_connection=0, long_polling=0}

2025-11-12 12:33:17,128 INFO Connection check task start

2025-11-12 12:33:17,211 INFO ConnectionMetrics, totalCount = 0, detail = {long_connection=0, long_polling=0}

2025-11-12 12:33:17,185 INFO Long connection metrics detail ,Total count =0, sdkCount=0,clusterCount=0

2025-11-12 12:33:17,375 INFO Out dated connection ,size=0

2025-11-12 12:33:17,437 INFO Connection check task end

2025-11-12 12:33:20,854 INFO Connection check task start

2025-11-12 12:33:20,916 INFO Long connection metrics detail ,Total count =0, sdkCount=0,clusterCount=0

2025-11-12 12:33:20,917 INFO ConnectionMetrics, totalCount = 0, detail = {long_connection=0, long_polling=0}

2025-11-12 12:33:21,134 INFO Out dated connection ,size=0

2025-11-12 12:33:21,202 INFO Connection check task end

2025-11-12 12:33:24,345 INFO ConnectionMetrics, totalCount = 0, detail = {long_connection=0, long_polling=0}

2025-11-12 12:33:24,669 INFO Connection check task start

2025-11-12 12:33:24,752 INFO Long connection metrics detail ,Total count =0, sdkCount=0,clusterCount=0

2025-11-12 12:33:24,947 INFO Out dated connection ,size=0

2025-11-12 12:33:25,120 INFO Connection check task end

2025-11-12 12:33:27,552 INFO ConnectionMetrics, totalCount = 0, detail = {long_connection=0, long_polling=0}

2025-11-12 12:33:28,264 INFO Connection check task start

2025-11-12 12:33:28,390 INFO Long connection metrics detail ,Total count =0, sdkCount=0,clusterCount=0

2025-11-12 12:33:28,623 INFO Out dated connection ,size=0

2025-11-12 12:33:28,760 INFO Connection check task end

2025-11-12 12:33:30,924 INFO ConnectionMetrics, totalCount = 0, detail = {long_connection=0, long_polling=0}

2025-11-12 12:33:31,984 INFO Connection check task start

2025-11-12 12:33:32,167 INFO Long connection metrics detail ,Total count =0, sdkCount=0,clusterCount=0

2025-11-12 12:33:32,695 INFO Out dated connection ,size=0

2025-11-12 12:33:32,948 INFO Connection check task end

2025-11-12 12:33:34,055 INFO ConnectionMetrics, totalCount = 0, detail = {long_connection=0, long_polling=0}

2025-11-12 12:33:36,639 INFO Connection check task start

2025-11-12 12:33:36,829 INFO Long connection metrics detail ,Total count =0, sdkCount=0,clusterCount=0

2025-11-12 12:33:37,423 INFO Out dated connection ,size=0

2025-11-12 12:33:37,609 INFO ConnectionMetrics, totalCount = 0, detail = {long_connection=0, long_polling=0}

2025-11-12 12:33:37,681 INFO Connection check task end

2025-11-12 12:33:41,360 INFO Connection check task start

2025-11-12 12:33:41,753 INFO Long connection metrics detail ,Total count =0, sdkCount=0,clusterCount=0

2025-11-12 12:33:41,755 INFO ConnectionMetrics, totalCount = 0, detail = {long_connection=0, long_polling=0}

2025-11-12 12:38:24,424 INFO Fail to find connection runtime ejector for name nacos,use default

2025-11-12 12:38:25,432 INFO Connection check task start

2025-11-12 12:38:25,443 INFO Long connection metrics detail ,Total count =0, sdkCount=0,clusterCount=0

2025-11-12 12:38:25,448 INFO Out dated connection ,size=0

2025-11-12 12:38:25,449 INFO Connection check task end

2025-11-12 12:38:27,718 INFO ConnectionMetrics, totalCount = 0, detail = {long_connection=0, long_polling=0}

2025-11-12 12:38:28,633 INFO Connection check task start

2025-11-12 12:38:28,732 INFO Long connection metrics detail ,Total count =0, sdkCount=0,clusterCount=0

2025-11-12 12:38:28,761 INFO Out dated connection ,size=0

2025-11-12 12:38:28,761 INFO Connection check task end

2025-11-12 12:38:30,780 INFO ConnectionMetrics, totalCount = 0, detail = {long_connection=0, long_polling=0}

2025-11-12 12:38:31,830 INFO Connection check task start

2025-11-12 12:38:31,885 INFO Long connection metrics detail ,Total count =0, sdkCount=0,clusterCount=0

2025-11-12 12:38:32,382 INFO Out dated connection ,size=0

2025-11-12 12:38:32,487 INFO Connection check task end

2025-11-12 12:38:33,872 INFO ConnectionMetrics, totalCount = 0, detail = {long_connection=0, long_polling=0}

2025-11-12 12:38:35,676 INFO Connection check task start

2025-11-12 12:38:35,699 INFO Long connection metrics detail ,Total count =0, sdkCount=0,clusterCount=0

2025-11-12 12:38:35,714 INFO Out dated connection ,size=0

2025-11-12 12:38:35,721 INFO Connection check task end

2025-11-12 12:38:36,975 INFO ConnectionMetrics, totalCount = 0, detail = {long_connection=0, long_polling=0}

2025-11-12 12:38:38,879 INFO Connection check task start

2025-11-12 12:38:39,072 INFO Long connection metrics detail ,Total count =0, sdkCount=0,clusterCount=0

2025-11-12 12:38:39,264 INFO Out dated connection ,size=0

2025-11-12 12:38:39,382 INFO Connection check task end

2025-11-12 12:38:40,278 INFO ConnectionMetrics, totalCount = 0, detail = {long_connection=0, long_polling=0}

2025-11-12 12:38:42,604 INFO Connection check task start

2025-11-12 12:38:42,752 INFO Long connection metrics detail ,Total count =0, sdkCount=0,clusterCount=0

2025-11-12 12:38:42,976 INFO Out dated connection ,size=0

2025-11-12 12:38:43,189 INFO Connection check task end

2025-11-12 12:38:43,388 INFO ConnectionMetrics, totalCount = 0, detail = {long_connection=0, long_polling=0}

2025-11-12 12:38:46,575 INFO Connection check task start

2025-11-12 12:38:46,632 INFO Long connection metrics detail ,Total count =0, sdkCount=0,clusterCount=0

2025-11-12 12:38:46,756 INFO Out dated connection ,size=0

2025-11-12 12:38:47,164 INFO Connection check task end

2025-11-12 12:38:47,164 INFO ConnectionMetrics, totalCount = 0, detail = {long_connection=0, long_polling=0}

2025-11-12 12:38:50,654 INFO Connection check task start

2025-11-12 12:38:51,071 INFO Long connection metrics detail ,Total count =0, sdkCount=0,clusterCount=0

2025-11-12 12:38:52,057 INFO ConnectionMetrics, totalCount = 0, detail = {long_connection=0, long_polling=0}

2025-11-12 12:38:52,032 INFO Out dated connection ,size=0

2025-11-12 12:38:52,503 INFO Connection check task end

2025-11-12 12:38:55,872 INFO Connection check task start

2025-11-12 12:38:55,871 INFO ConnectionMetrics, totalCount = 0, detail = {long_connection=0, long_polling=0}

2025-11-12 12:38:56,112 INFO Long connection metrics detail ,Total count =0, sdkCount=0,clusterCount=0

2025-11-12 12:38:56,330 INFO Out dated connection ,size=0

2025-11-12 12:38:56,487 INFO Connection check task end

2025-11-12 12:38:59,628 INFO ConnectionMetrics, totalCount = 0, detail = {long_connection=0, long_polling=0}

2025-11-12 12:39:00,261 INFO Connection check task start

2025-11-12 12:39:01,606 INFO Long connection metrics detail ,Total count =0, sdkCount=0,clusterCount=0

2025-11-12 12:39:02,148 INFO Out dated connection ,size=0

2025-11-12 12:39:02,403 INFO Connection check task end

2025-11-12 12:39:03,590 INFO ConnectionMetrics, totalCount = 0, detail = {long_connection=0, long_polling=0}

2025-11-12 12:39:05,963 INFO Connection check task start

2025-11-12 12:39:06,940 INFO Long connection metrics detail ,Total count =0, sdkCount=0,clusterCount=0

2025-11-12 12:39:07,787 INFO Out dated connection ,size=0

2025-11-12 12:39:07,982 INFO Connection check task end

2025-11-12 12:39:07,897 INFO ConnectionMetrics, totalCount = 0, detail = {long_connection=0, long_polling=0}

2025-11-12 12:39:11,620 INFO Connection check task start

2025-11-12 12:39:11,990 INFO Long connection metrics detail ,Total count =0, sdkCount=0,clusterCount=0

2025-11-12 12:39:12,155 INFO Out dated connection ,size=0

2025-11-12 12:39:12,713 INFO Connection check task end

2025-11-12 12:39:13,584 INFO ConnectionMetrics, totalCount = 0, detail = {long_connection=0, long_polling=0}

2025-11-12 12:39:15,917 INFO Connection check task start

2025-11-12 12:39:15,969 INFO Long connection metrics detail ,Total count =0, sdkCount=0,clusterCount=0

2025-11-12 12:39:16,055 INFO Out dated connection ,size=0

2025-11-12 12:39:16,091 INFO Connection check task end

2025-11-12 12:39:17,094 INFO ConnectionMetrics, totalCount = 0, detail = {long_connection=0, long_polling=0}

2025-11-12 12:39:19,139 INFO Connection check task start

2025-11-12 12:39:19,197 INFO Long connection metrics detail ,Total count =0, sdkCount=0,clusterCount=0

2025-11-12 12:39:19,213 INFO Out dated connection ,size=0

2025-11-12 12:39:19,229 INFO Connection check task end

2025-11-12 12:39:20,690 INFO ConnectionMetrics, totalCount = 0, detail = {long_connection=0, long_polling=0}

2025-11-12 12:39:22,336 INFO Connection check task start

2025-11-12 12:39:22,595 INFO Long connection metrics detail ,Total count =0, sdkCount=0,clusterCount=0

2025-11-12 12:39:22,683 INFO Out dated connection ,size=0

2025-11-12 12:39:22,752 INFO Connection check task end

2025-11-12 12:39:24,983 INFO ConnectionMetrics, totalCount = 0, detail = {long_connection=0, long_polling=0}

2025-11-12 12:39:25,814 INFO Connection check task start

2025-11-12 12:39:25,854 INFO Long connection metrics detail ,Total count =0, sdkCount=0,clusterCount=0

2025-11-12 12:39:26,294 INFO Out dated connection ,size=0

2025-11-12 12:39:26,429 INFO Connection check task end

2025-11-12 12:39:28,160 INFO ConnectionMetrics, totalCount = 0, detail = {long_connection=0, long_polling=0}

2025-11-12 12:39:29,454 INFO Connection check task start

2025-11-12 12:39:29,651 INFO Long connection metrics detail ,Total count =0, sdkCount=0,clusterCount=0

2025-11-12 12:39:29,909 INFO Out dated connection ,size=0

2025-11-12 12:39:29,973 INFO Connection check task end

2025-11-12 12:39:31,393 INFO ConnectionMetrics, totalCount = 0, detail = {long_connection=0, long_polling=0}

2025-11-12 12:39:33,149 INFO Connection check task start

2025-11-12 12:39:33,213 INFO Long connection metrics detail ,Total count =0, sdkCount=0,clusterCount=0

2025-11-12 12:39:33,250 INFO Out dated connection ,size=0

2025-11-12 12:39:33,311 INFO Connection check task end

2025-11-12 12:39:34,613 INFO ConnectionMetrics, totalCount = 0, detail = {long_connection=0, long_polling=0}

2025-11-12 12:39:36,459 INFO Connection check task start

2025-11-12 12:39:36,802 INFO Long connection metrics detail ,Total count =0, sdkCount=0,clusterCount=0

2025-11-12 12:39:37,055 INFO Out dated connection ,size=0

2025-11-12 12:39:38,316 INFO ConnectionMetrics, totalCount = 0, detail = {long_connection=0, long_polling=0}

2025-11-12 12:39:38,618 INFO Connection check task end

2025-11-12 12:39:41,896 INFO Connection check task start

2025-11-12 12:39:42,092 INFO ConnectionMetrics, totalCount = 0, detail = {long_connection=0, long_polling=0}

2025-11-12 12:39:42,086 INFO Long connection metrics detail ,Total count =0, sdkCount=0,clusterCount=0

2025-11-12 12:39:42,299 INFO Out dated connection ,size=0

2025-11-12 12:39:42,690 INFO Connection check task end

2025-11-12 12:39:45,566 INFO ConnectionMetrics, totalCount = 0, detail = {long_connection=0, long_polling=0}

2025-11-12 12:39:46,787 INFO Connection check task start

2025-11-12 12:39:46,998 INFO Long connection metrics detail ,Total count =0, sdkCount=0,clusterCount=0

2025-11-12 12:39:47,721 INFO Out dated connection ,size=0

2025-11-12 12:39:47,822 INFO Connection check task end

2025-11-12 12:39:49,275 INFO ConnectionMetrics, totalCount = 0, detail = {long_connection=0, long_polling=0}

2025-11-12 12:39:51,613 INFO Connection check task start

2025-11-12 12:39:52,432 INFO Long connection metrics detail ,Total count =0, sdkCount=0,clusterCount=0

2025-11-12 12:39:53,063 INFO Out dated connection ,size=0

2025-11-12 12:39:53,272 INFO Connection check task end

2025-11-12 12:39:53,272 INFO ConnectionMetrics, totalCount = 0, detail = {long_connection=0, long_polling=0}

2025-11-12 12:39:56,432 INFO Connection check task start

2025-11-12 12:39:56,759 INFO Long connection metrics detail ,Total count =0, sdkCount=0,clusterCount=0

2025-11-12 12:39:57,120 INFO Out dated connection ,size=0

2025-11-12 12:39:57,439 INFO Connection check task end

2025-11-12 12:39:57,389 INFO ConnectionMetrics, totalCount = 0, detail = {long_connection=0, long_polling=0}

2025-11-12 12:40:02,127 INFO ConnectionMetrics, totalCount = 0, detail = {long_connection=0, long_polling=0}

2025-11-12 12:40:01,487 INFO Connection check task start

2025-11-12 12:40:05,219 INFO Long connection metrics detail ,Total count =0, sdkCount=0,clusterCount=0

2025-11-12 12:40:06,628 INFO ConnectionMetrics, totalCount = 0, detail = {long_connection=0, long_polling=0}

2025-11-12 12:40:08,225 INFO Out dated connection ,size=0

2025-11-12 12:40:08,535 INFO Connection check task end

2025-11-12 12:40:11,633 INFO ConnectionMetrics, totalCount = 0, detail = {long_connection=0, long_polling=0}

2025-11-12 12:40:11,986 INFO Connection check task start

2025-11-12 12:40:12,006 INFO Long connection metrics detail ,Total count =0, sdkCount=0,clusterCount=0

2025-11-12 12:40:12,012 INFO Out dated connection ,size=0

2025-11-12 12:40:12,012 INFO Connection check task end

2025-11-12 12:40:14,717 INFO ConnectionMetrics, totalCount = 0, detail = {long_connection=0, long_polling=0}

2025-11-12 12:40:15,056 INFO Connection check task start

2025-11-12 12:40:15,068 INFO Long connection metrics detail ,Total count =0, sdkCount=0,clusterCount=0

2025-11-12 12:40:15,070 INFO Out dated connection ,size=0

2025-11-12 12:40:15,112 INFO Connection check task end

2025-11-12 12:40:18,156 INFO Connection check task start

2025-11-12 12:40:17,847 INFO ConnectionMetrics, totalCount = 0, detail = {long_connection=0, long_polling=0}

2025-11-12 12:40:18,370 INFO Long connection metrics detail ,Total count =0, sdkCount=0,clusterCount=0

2025-11-12 12:40:18,419 INFO Out dated connection ,size=0

2025-11-12 12:40:18,523 INFO Connection check task end

2025-11-12 12:40:21,358 INFO ConnectionMetrics, totalCount = 0, detail = {long_connection=0, long_polling=0}

2025-11-12 12:40:21,695 INFO Connection check task start

2025-11-12 12:40:21,773 INFO Long connection metrics detail ,Total count =0, sdkCount=0,clusterCount=0

2025-11-12 12:40:21,827 INFO Out dated connection ,size=0

2025-11-12 12:40:21,831 INFO Connection check task end

2025-11-12 12:40:24,396 INFO ConnectionMetrics, totalCount = 0, detail = {long_connection=0, long_polling=0}

2025-11-12 12:40:24,882 INFO Connection check task start

2025-11-12 12:40:24,947 INFO Long connection metrics detail ,Total count =0, sdkCount=0,clusterCount=0

2025-11-12 12:40:24,949 INFO Out dated connection ,size=0

2025-11-12 12:40:24,949 INFO Connection check task end

2025-11-12 12:40:27,463 INFO ConnectionMetrics, totalCount = 0, detail = {long_connection=0, long_polling=0}

2025-11-12 12:40:27,958 INFO Connection check task start

2025-11-12 12:40:27,970 INFO Long connection metrics detail ,Total count =0, sdkCount=0,clusterCount=0

2025-11-12 12:40:27,973 INFO Out dated connection ,size=0

2025-11-12 12:40:27,981 INFO Connection check task end

2025-11-12 12:40:30,585 INFO ConnectionMetrics, totalCount = 0, detail = {long_connection=0, long_polling=0}

2025-11-12 12:40:31,137 INFO Connection check task start

2025-11-12 12:40:31,202 INFO Long connection metrics detail ,Total count =0, sdkCount=0,clusterCount=0

2025-11-12 12:40:31,235 INFO Out dated connection ,size=0

2025-11-12 12:40:31,310 INFO Connection check task end

2025-11-12 12:40:33,666 INFO ConnectionMetrics, totalCount = 0, detail = {long_connection=0, long_polling=0}

2025-11-12 12:40:34,367 INFO Connection check task start

2025-11-12 12:40:34,516 INFO Long connection metrics detail ,Total count =0, sdkCount=0,clusterCount=0

2025-11-12 12:40:34,721 INFO Out dated connection ,size=0

2025-11-12 12:40:34,788 INFO Connection check task end

2025-11-12 12:40:36,861 INFO ConnectionMetrics, totalCount = 0, detail = {long_connection=0, long_polling=0}

2025-11-12 12:40:37,996 INFO Connection check task start

2025-11-12 12:40:38,092 INFO Long connection metrics detail ,Total count =0, sdkCount=0,clusterCount=0

2025-11-12 12:40:38,256 INFO Out dated connection ,size=0

2025-11-12 12:40:38,279 INFO Connection check task end

2025-11-12 12:40:40,279 INFO ConnectionMetrics, totalCount = 0, detail = {long_connection=0, long_polling=0}

2025-11-12 12:40:41,323 INFO Connection check task start

2025-11-12 12:40:41,342 INFO Long connection metrics detail ,Total count =0, sdkCount=0,clusterCount=0

2025-11-12 12:40:41,345 INFO Out dated connection ,size=0

2025-11-12 12:40:41,360 INFO Connection check task end

2025-11-12 12:40:43,435 INFO ConnectionMetrics, totalCount = 0, detail = {long_connection=0, long_polling=0}

2025-11-12 12:40:44,463 INFO Connection check task start

2025-11-12 12:40:44,490 INFO Long connection metrics detail ,Total count =0, sdkCount=0,clusterCount=0

2025-11-12 12:40:44,495 INFO Out dated connection ,size=0

2025-11-12 12:40:44,534 INFO Connection check task end

2025-11-12 12:40:46,449 INFO ConnectionMetrics, totalCount = 0, detail = {long_connection=0, long_polling=0}

2025-11-12 12:40:47,718 INFO Connection check task start

2025-11-12 12:40:47,900 INFO Long connection metrics detail ,Total count =0, sdkCount=0,clusterCount=0

2025-11-12 12:40:48,162 INFO Out dated connection ,size=0

2025-11-12 12:40:48,179 INFO Connection check task end

2025-11-12 12:40:49,486 INFO ConnectionMetrics, totalCount = 0, detail = {long_connection=0, long_polling=0}

2025-11-12 12:40:52,892 INFO ConnectionMetrics, totalCount = 0, detail = {long_connection=0, long_polling=0}

2025-11-12 12:40:52,407 INFO Connection check task start

2025-11-12 12:40:56,957 INFO Long connection metrics detail ,Total count =0, sdkCount=0,clusterCount=0

2025-11-12 12:40:57,397 INFO Out dated connection ,size=0

2025-11-12 12:40:57,518 INFO Connection check task end

2025-11-12 12:40:59,869 INFO ConnectionMetrics, totalCount = 0, detail = {long_connection=0, long_polling=0}

2025-11-12 12:41:00,610 INFO Connection check task start

2025-11-12 12:41:00,890 INFO Long connection metrics detail ,Total count =0, sdkCount=0,clusterCount=0

2025-11-12 12:41:01,417 INFO Out dated connection ,size=0

2025-11-12 12:41:01,502 INFO Connection check task end

2025-11-12 12:41:03,193 INFO ConnectionMetrics, totalCount = 0, detail = {long_connection=0, long_polling=0}

2025-11-12 12:41:04,547 INFO Connection check task start

2025-11-12 12:41:04,917 INFO Long connection metrics detail ,Total count =0, sdkCount=0,clusterCount=0

2025-11-12 12:41:06,211 INFO Out dated connection ,size=0

2025-11-12 12:41:06,969 INFO Connection check task end

2025-11-12 12:41:07,195 INFO ConnectionMetrics, totalCount = 0, detail = {long_connection=0, long_polling=0}

2025-11-12 12:41:10,229 INFO Connection check task start

2025-11-12 12:41:10,797 INFO Long connection metrics detail ,Total count =0, sdkCount=0,clusterCount=0

2025-11-12 12:41:11,330 INFO ConnectionMetrics, totalCount = 0, detail = {long_connection=0, long_polling=0}

2025-11-12 12:41:12,161 INFO Out dated connection ,size=0

2025-11-12 12:41:13,976 INFO Connection check task end

2025-11-12 12:41:16,026 INFO ConnectionMetrics, totalCount = 0, detail = {long_connection=0, long_polling=0}

2025-11-12 12:41:17,942 INFO Connection check task start

2025-11-12 12:41:18,151 INFO Long connection metrics detail ,Total count =0, sdkCount=0,clusterCount=0

2025-11-12 12:41:19,156 INFO Out dated connection ,size=0

2025-11-12 12:41:19,343 INFO Connection check task end

2025-11-12 12:41:19,425 INFO ConnectionMetrics, totalCount = 0, detail = {long_connection=0, long_polling=0}

2025-11-12 12:41:22,461 INFO Connection check task start

2025-11-12 12:41:22,707 INFO ConnectionMetrics, totalCount = 0, detail = {long_connection=0, long_polling=0}

2025-11-12 12:41:22,708 INFO Long connection metrics detail ,Total count =0, sdkCount=0,clusterCount=0

2025-11-12 12:41:23,892 INFO Out dated connection ,size=0

2025-11-12 12:41:24,084 INFO Connection check task end

2025-11-12 12:41:26,450 INFO ConnectionMetrics, totalCount = 0, detail = {long_connection=0, long_polling=0}

2025-11-12 12:41:27,346 INFO Connection check task start

2025-11-12 12:41:27,405 INFO Long connection metrics detail ,Total count =0, sdkCount=0,clusterCount=0

2025-11-12 12:41:28,558 INFO Out dated connection ,size=0

2025-11-12 12:41:28,563 INFO Connection check task end

2025-11-12 12:41:29,886 INFO ConnectionMetrics, totalCount = 0, detail = {long_connection=0, long_polling=0}

2025-11-12 12:41:31,734 INFO Connection check task start

2025-11-12 12:41:31,957 INFO Long connection metrics detail ,Total count =0, sdkCount=0,clusterCount=0

2025-11-12 12:41:32,540 INFO Out dated connection ,size=0

2025-11-12 12:41:32,863 INFO Connection check task end

2025-11-12 12:41:33,679 INFO ConnectionMetrics, totalCount = 0, detail = {long_connection=0, long_polling=0}

2025-11-12 12:41:36,449 INFO Connection check task start

2025-11-12 12:41:36,554 INFO Long connection metrics detail ,Total count =0, sdkCount=0,clusterCount=0

2025-11-12 12:41:36,635 INFO Out dated connection ,size=0

2025-11-12 12:41:36,652 INFO Connection check task end

2025-11-12 12:41:36,901 INFO ConnectionMetrics, totalCount = 0, detail = {long_connection=0, long_polling=0}

2025-11-12 12:41:39,753 INFO Connection check task start

2025-11-12 12:41:39,948 INFO Long connection metrics detail ,Total count =0, sdkCount=0,clusterCount=0

2025-11-12 12:41:40,078 INFO ConnectionMetrics, totalCount = 0, detail = {long_connection=0, long_polling=0}

2025-11-12 12:41:40,078 INFO Out dated connection ,size=0

2025-11-12 12:41:40,100 INFO Connection check task end

2025-11-12 12:41:43,105 INFO ConnectionMetrics, totalCount = 0, detail = {long_connection=0, long_polling=0}

2025-11-12 12:41:43,213 INFO Connection check task start

2025-11-12 12:41:43,292 INFO Long connection metrics detail ,Total count =0, sdkCount=0,clusterCount=0

2025-11-12 12:41:43,480 INFO Out dated connection ,size=0

2025-11-12 12:41:43,512 INFO Connection check task end

2025-11-12 12:41:46,209 INFO ConnectionMetrics, totalCount = 0, detail = {long_connection=0, long_polling=0}

2025-11-12 12:41:46,537 INFO Connection check task start

2025-11-12 12:41:46,568 INFO Long connection metrics detail ,Total count =0, sdkCount=0,clusterCount=0

2025-11-12 12:41:46,778 INFO Out dated connection ,size=0

2025-11-12 12:41:46,923 INFO Connection check task end

2025-11-12 12:41:49,433 INFO ConnectionMetrics, totalCount = 0, detail = {long_connection=0, long_polling=0}

2025-11-12 12:41:49,965 INFO Connection check task start

2025-11-12 12:41:50,054 INFO Long connection metrics detail ,Total count =0, sdkCount=0,clusterCount=0

2025-11-12 12:41:50,362 INFO Out dated connection ,size=0

2025-11-12 12:41:51,783 INFO Connection check task end

2025-11-12 12:41:52,760 INFO ConnectionMetrics, totalCount = 0, detail = {long_connection=0, long_polling=0}

2025-11-12 12:41:55,513 INFO Connection check task start

2025-11-12 12:41:55,826 INFO Long connection metrics detail ,Total count =0, sdkCount=0,clusterCount=0

2025-11-12 12:41:56,576 INFO Out dated connection ,size=0

2025-11-12 12:41:56,877 INFO Connection check task end

2025-11-12 12:41:57,306 INFO ConnectionMetrics, totalCount = 0, detail = {long_connection=0, long_polling=0}

2025-11-12 12:42:00,057 INFO Connection check task start

2025-11-12 12:42:00,672 INFO ConnectionMetrics, totalCount = 0, detail = {long_connection=0, long_polling=0}

2025-11-12 12:42:00,123 INFO Long connection metrics detail ,Total count =0, sdkCount=0,clusterCount=0

2025-11-12 12:42:00,886 INFO Out dated connection ,size=0

2025-11-12 12:42:01,289 INFO Connection check task end

2025-11-12 12:42:04,559 INFO Connection check task start

2025-11-12 12:42:04,427 INFO ConnectionMetrics, totalCount = 0, detail = {long_connection=0, long_polling=0}

2025-11-12 12:42:04,898 INFO Long connection metrics detail ,Total count =0, sdkCount=0,clusterCount=0

2025-11-12 12:42:05,263 INFO Out dated connection ,size=0

2025-11-12 12:42:05,489 INFO Connection check task end

2025-11-12 12:42:08,812 INFO Connection check task start

2025-11-12 12:42:09,020 INFO ConnectionMetrics, totalCount = 0, detail = {long_connection=0, long_polling=0}

2025-11-12 12:42:09,149 INFO Long connection metrics detail ,Total count =0, sdkCount=0,clusterCount=0

2025-11-12 12:42:09,425 INFO Out dated connection ,size=0

2025-11-12 12:42:09,432 INFO Connection check task end

2025-11-12 12:42:12,557 INFO Connection check task start

2025-11-12 12:42:12,883 INFO ConnectionMetrics, totalCount = 0, detail = {long_connection=0, long_polling=0}

2025-11-12 12:42:13,101 INFO Long connection metrics detail ,Total count =0, sdkCount=0,clusterCount=0

2025-11-12 12:42:13,431 INFO Out dated connection ,size=0

2025-11-12 12:42:13,683 INFO Connection check task end

2025-11-12 12:42:16,644 INFO ConnectionMetrics, totalCount = 0, detail = {long_connection=0, long_polling=0}

2025-11-12 12:42:17,323 INFO Connection check task start

2025-11-12 12:42:17,607 INFO Long connection metrics detail ,Total count =0, sdkCount=0,clusterCount=0

2025-11-12 12:42:18,022 INFO Out dated connection ,size=0

2025-11-12 12:42:18,200 INFO Connection check task end

2025-11-12 12:42:21,552 INFO Connection check task start

2025-11-12 12:42:21,680 INFO ConnectionMetrics, totalCount = 0, detail = {long_connection=0, long_polling=0}

2025-11-12 12:42:22,317 INFO Long connection metrics detail ,Total count =0, sdkCount=0,clusterCount=0

2025-11-12 12:42:23,357 INFO Out dated connection ,size=0

2025-11-12 12:42:23,878 INFO Connection check task end

2025-11-12 12:42:25,329 INFO ConnectionMetrics, totalCount = 0, detail = {long_connection=0, long_polling=0}

2025-11-12 12:42:27,423 INFO Connection check task start

2025-11-12 12:42:27,692 INFO Long connection metrics detail ,Total count =0, sdkCount=0,clusterCount=0

2025-11-12 12:42:27,931 INFO Out dated connection ,size=0

2025-11-12 12:42:29,283 INFO ConnectionMetrics, totalCount = 0, detail = {long_connection=0, long_polling=0}

2025-11-12 12:42:29,337 INFO Connection check task end

2025-11-12 12:42:32,872 INFO Connection check task start

2025-11-12 12:42:33,023 INFO ConnectionMetrics, totalCount = 0, detail = {long_connection=0, long_polling=0}

2025-11-12 12:42:33,262 INFO Long connection metrics detail ,Total count =0, sdkCount=0,clusterCount=0

2025-11-12 12:42:33,932 INFO Out dated connection ,size=0

2025-11-12 12:42:34,371 INFO Connection check task end

2025-11-12 12:42:37,765 INFO Connection check task start

2025-11-12 12:42:38,675 INFO ConnectionMetrics, totalCount = 0, detail = {long_connection=0, long_polling=0}

2025-11-12 12:42:39,083 INFO Long connection metrics detail ,Total count =0, sdkCount=0,clusterCount=0

2025-11-12 12:42:41,170 INFO Out dated connection ,size=0

2025-11-12 12:42:43,858 INFO Connection check task end

2025-11-12 12:42:44,893 INFO ConnectionMetrics, totalCount = 0, detail = {long_connection=0, long_polling=0}

2025-11-12 12:42:48,030 INFO Connection check task start

2025-11-12 12:42:49,838 INFO Long connection metrics detail ,Total count =0, sdkCount=0,clusterCount=0

2025-11-12 12:42:51,189 INFO ConnectionMetrics, totalCount = 0, detail = {long_connection=0, long_polling=0}

2025-11-12 12:42:52,952 INFO Out dated connection ,size=0

2025-11-12 12:42:55,903 INFO Connection check task end

2025-11-12 12:42:59,583 INFO Connection check task start

2025-11-12 12:42:59,920 INFO Long connection metrics detail ,Total count =0, sdkCount=0,clusterCount=0

2025-11-12 12:42:59,511 INFO ConnectionMetrics, totalCount = 0, detail = {long_connection=0, long_polling=0}

2025-11-12 12:45:01,836 INFO Fail to find connection runtime ejector for name nacos,use default

2025-11-12 12:45:02,853 INFO Connection check task start

2025-11-12 12:45:02,859 INFO Long connection metrics detail ,Total count =0, sdkCount=0,clusterCount=0

2025-11-12 12:45:02,862 INFO Out dated connection ,size=0

2025-11-12 12:45:02,873 INFO Connection check task end

2025-11-12 12:45:06,027 INFO Connection check task start

2025-11-12 12:45:06,176 INFO Long connection metrics detail ,Total count =0, sdkCount=0,clusterCount=0

2025-11-12 12:45:06,368 INFO Out dated connection ,size=0

2025-11-12 12:45:06,436 INFO Connection check task end

2025-11-12 12:45:09,526 INFO Connection check task start

2025-11-12 12:45:09,617 INFO Long connection metrics detail ,Total count =0, sdkCount=0,clusterCount=0

2025-11-12 12:45:09,673 INFO Out dated connection ,size=0

2025-11-12 12:45:09,689 INFO Connection check task end

2025-11-12 12:45:12,766 INFO Connection check task start

2025-11-12 12:45:13,154 INFO Long connection metrics detail ,Total count =0, sdkCount=0,clusterCount=0

2025-11-12 12:45:13,650 INFO Out dated connection ,size=0

2025-11-12 12:45:13,762 INFO Connection check task end

2025-11-12 12:45:16,941 INFO Connection check task start

2025-11-12 12:45:17,309 INFO Long connection metrics detail ,Total count =0, sdkCount=0,clusterCount=0

2025-11-12 12:45:17,715 INFO Out dated connection ,size=0

2025-11-12 12:45:17,905 INFO Connection check task end

2025-11-12 12:45:23,008 INFO Connection check task start

2025-11-12 12:45:23,197 INFO Long connection metrics detail ,Total count =0, sdkCount=0,clusterCount=0

2025-11-12 12:45:23,223 INFO Out dated connection ,size=0

2025-11-12 12:45:23,387 INFO Connection check task end

2025-11-12 12:45:27,086 INFO Connection check task start

2025-11-12 12:45:28,226 INFO Long connection metrics detail ,Total count =0, sdkCount=0,clusterCount=0

2025-11-12 12:45:28,295 INFO Out dated connection ,size=0

2025-11-12 12:45:28,849 INFO Connection check task end

2025-11-12 12:48:02,218 INFO Fail to find connection runtime ejector for name nacos,use default

2025-11-12 12:48:03,239 INFO Connection check task start

2025-11-12 12:48:03,245 INFO Long connection metrics detail ,Total count =0, sdkCount=0,clusterCount=0

2025-11-12 12:48:03,249 INFO Out dated connection ,size=0

2025-11-12 12:48:03,251 INFO Connection check task end

2025-11-12 12:48:06,266 INFO ConnectionMetrics, totalCount = 0, detail = {long_connection=0, long_polling=0}

2025-11-12 12:48:07,989 INFO Connection check task start

2025-11-12 12:48:08,067 INFO Long connection metrics detail ,Total count =0, sdkCount=0,clusterCount=0

2025-11-12 12:48:08,087 INFO Out dated connection ,size=0

2025-11-12 12:48:08,089 INFO Connection check task end

2025-11-12 12:48:09,308 INFO ConnectionMetrics, totalCount = 0, detail = {long_connection=0, long_polling=0}

2025-11-12 12:48:11,098 INFO Connection check task start

2025-11-12 12:48:11,099 INFO Long connection metrics detail ,Total count =0, sdkCount=0,clusterCount=0

2025-11-12 12:48:11,099 INFO Out dated connection ,size=0

2025-11-12 12:48:11,100 INFO Connection check task end

2025-11-12 12:48:12,374 INFO ConnectionMetrics, totalCount = 0, detail = {long_connection=0, long_polling=0}

2025-11-12 12:48:14,146 INFO Connection check task start

2025-11-12 12:48:14,718 INFO Long connection metrics detail ,Total count =0, sdkCount=0,clusterCount=0

2025-11-12 12:48:15,320 INFO Out dated connection ,size=0

2025-11-12 12:48:15,359 INFO Connection check task end

2025-11-12 12:48:15,495 INFO ConnectionMetrics, totalCount = 0, detail = {long_connection=0, long_polling=0}

2025-11-12 12:48:18,472 INFO Connection check task start

2025-11-12 12:48:18,703 INFO Long connection metrics detail ,Total count =0, sdkCount=0,clusterCount=0

2025-11-12 12:48:19,914 INFO Out dated connection ,size=0

2025-11-12 12:48:19,820 INFO ConnectionMetrics, totalCount = 0, detail = {long_connection=0, long_polling=0}

2025-11-12 12:48:20,580 INFO Connection check task end

2025-11-12 12:48:24,586 INFO ConnectionMetrics, totalCount = 0, detail = {long_connection=0, long_polling=0}

2025-11-12 12:48:24,772 INFO Connection check task start

2025-11-12 12:48:25,362 INFO Long connection metrics detail ,Total count =0, sdkCount=0,clusterCount=0

2025-11-12 12:48:28,582 INFO ConnectionMetrics, totalCount = 0, detail = {long_connection=0, long_polling=0}

2025-11-12 12:48:25,921 INFO Out dated connection ,size=0

2025-11-12 12:48:29,600 INFO Connection check task end

2025-11-12 12:48:32,566 INFO ConnectionMetrics, totalCount = 0, detail = {long_connection=0, long_polling=0}

2025-11-12 12:48:33,623 INFO Connection check task start

2025-11-12 12:48:33,951 INFO Long connection metrics detail ,Total count =0, sdkCount=0,clusterCount=0

2025-11-12 12:48:34,987 INFO Out dated connection ,size=0

2025-11-12 12:48:35,811 INFO Connection check task end

2025-11-12 12:48:36,564 INFO ConnectionMetrics, totalCount = 0, detail = {long_connection=0, long_polling=0}

2025-11-12 12:48:40,233 INFO Connection check task start

2025-11-12 12:48:40,716 INFO Long connection metrics detail ,Total count =0, sdkCount=0,clusterCount=0

2025-11-12 12:48:41,119 INFO ConnectionMetrics, totalCount = 0, detail = {long_connection=0, long_polling=0}

2025-11-12 12:48:41,563 INFO Out dated connection ,size=0

2025-11-12 12:48:41,999 INFO Connection check task end

2025-11-12 12:48:45,289 INFO ConnectionMetrics, totalCount = 0, detail = {long_connection=0, long_polling=0}

2025-11-12 12:48:46,681 INFO Connection check task start

2025-11-12 12:48:47,423 INFO Long connection metrics detail ,Total count =0, sdkCount=0,clusterCount=0

2025-11-12 12:48:47,847 INFO Out dated connection ,size=0

2025-11-12 12:48:48,310 INFO Connection check task end

2025-11-12 12:48:49,113 INFO ConnectionMetrics, totalCount = 0, detail = {long_connection=0, long_polling=0}

2025-11-12 12:50:27,300 INFO Fail to find connection runtime ejector for name nacos,use default

2025-11-12 12:50:28,327 INFO Connection check task start

2025-11-12 12:50:28,333 INFO Long connection metrics detail ,Total count =0, sdkCount=0,clusterCount=0

2025-11-12 12:50:28,336 INFO Out dated connection ,size=0

2025-11-12 12:50:28,340 INFO Connection check task end

2025-11-12 12:50:31,080 INFO ConnectionMetrics, totalCount = 0, detail = {long_connection=0, long_polling=0}

2025-11-12 12:50:31,488 INFO Connection check task start

2025-11-12 12:50:31,519 INFO Long connection metrics detail ,Total count =0, sdkCount=0,clusterCount=0

2025-11-12 12:50:31,525 INFO Out dated connection ,size=0

2025-11-12 12:50:31,527 INFO Connection check task end

2025-11-12 12:50:34,159 INFO ConnectionMetrics, totalCount = 0, detail = {long_connection=0, long_polling=0}

2025-11-12 12:50:34,532 INFO Connection check task start

2025-11-12 12:50:34,553 INFO Long connection metrics detail ,Total count =0, sdkCount=0,clusterCount=0

2025-11-12 12:50:34,558 INFO Out dated connection ,size=0

2025-11-12 12:50:34,558 INFO Connection check task end

2025-11-12 12:50:37,174 INFO ConnectionMetrics, totalCount = 0, detail = {long_connection=0, long_polling=0}

2025-11-12 12:50:37,587 INFO Connection check task start

2025-11-12 12:50:37,616 INFO Long connection metrics detail ,Total count =0, sdkCount=0,clusterCount=0

2025-11-12 12:50:37,624 INFO Out dated connection ,size=0

2025-11-12 12:50:37,640 INFO Connection check task end

2025-11-12 12:50:40,237 INFO ConnectionMetrics, totalCount = 0, detail = {long_connection=0, long_polling=0}

2025-11-12 12:50:40,657 INFO Connection check task start

2025-11-12 12:50:40,668 INFO Long connection metrics detail ,Total count =0, sdkCount=0,clusterCount=0

2025-11-12 12:50:40,672 INFO Out dated connection ,size=0

2025-11-12 12:50:40,674 INFO Connection check task end

2025-11-12 12:50:43,317 INFO ConnectionMetrics, totalCount = 0, detail = {long_connection=0, long_polling=0}

2025-11-12 12:50:43,771 INFO Connection check task start

2025-11-12 12:50:43,799 INFO Long connection metrics detail ,Total count =0, sdkCount=0,clusterCount=0

2025-11-12 12:50:43,883 INFO Out dated connection ,size=0

2025-11-12 12:50:43,966 INFO Connection check task end

2025-11-12 12:50:46,671 INFO ConnectionMetrics, totalCount = 0, detail = {long_connection=0, long_polling=0}

2025-11-12 12:50:47,013 INFO Connection check task start

2025-11-12 12:50:47,088 INFO Long connection metrics detail ,Total count =0, sdkCount=0,clusterCount=0

2025-11-12 12:50:47,092 INFO Out dated connection ,size=0

2025-11-12 12:50:47,093 INFO Connection check task end

2025-11-12 12:50:49,731 INFO ConnectionMetrics, totalCount = 0, detail = {long_connection=0, long_polling=0}

2025-11-12 12:50:50,105 INFO Connection check task start

2025-11-12 12:50:50,124 INFO Long connection metrics detail ,Total count =0, sdkCount=0,clusterCount=0

2025-11-12 12:50:50,141 INFO Out dated connection ,size=0

2025-11-12 12:50:50,158 INFO Connection check task end

2025-11-12 12:50:52,798 INFO ConnectionMetrics, totalCount = 0, detail = {long_connection=0, long_polling=0}

2025-11-12 12:50:53,184 INFO Connection check task start

2025-11-12 12:50:53,214 INFO Long connection metrics detail ,Total count =0, sdkCount=0,clusterCount=0

2025-11-12 12:50:53,332 INFO Out dated connection ,size=0

2025-11-12 12:50:53,456 INFO Connection check task end

2025-11-12 12:50:55,840 INFO ConnectionMetrics, totalCount = 0, detail = {long_connection=0, long_polling=0}

2025-11-12 12:50:56,507 INFO Connection check task start

2025-11-12 12:50:56,516 INFO Long connection metrics detail ,Total count =0, sdkCount=0,clusterCount=0

2025-11-12 12:50:56,524 INFO Out dated connection ,size=0

2025-11-12 12:50:56,525 INFO Connection check task end

2025-11-12 12:50:59,107 INFO ConnectionMetrics, totalCount = 0, detail = {long_connection=0, long_polling=0}

2025-11-12 12:50:59,711 INFO Connection check task start

2025-11-12 12:50:59,749 INFO Long connection metrics detail ,Total count =0, sdkCount=0,clusterCount=0

2025-11-12 12:50:59,891 INFO Out dated connection ,size=0

2025-11-12 12:50:59,953 INFO Connection check task end

2025-11-12 12:51:02,208 INFO ConnectionMetrics, totalCount = 0, detail = {long_connection=0, long_polling=0}

2025-11-12 12:51:02,966 INFO Connection check task start

2025-11-12 12:51:02,972 INFO Long connection metrics detail ,Total count =0, sdkCount=0,clusterCount=0

2025-11-12 12:51:02,974 INFO Out dated connection ,size=0

2025-11-12 12:51:02,975 INFO Connection check task end

2025-11-12 12:51:05,220 INFO ConnectionMetrics, totalCount = 0, detail = {long_connection=0, long_polling=0}

2025-11-12 12:51:05,985 INFO Connection check task start

2025-11-12 12:51:05,993 INFO Long connection metrics detail ,Total count =0, sdkCount=0,clusterCount=0

2025-11-12 12:51:06,002 INFO Out dated connection ,size=0

2025-11-12 12:51:06,003 INFO Connection check task end

2025-11-12 12:51:08,384 INFO ConnectionMetrics, totalCount = 0, detail = {long_connection=0, long_polling=0}

2025-11-12 12:51:09,093 INFO Connection check task start

2025-11-12 12:51:09,287 INFO Long connection metrics detail ,Total count =0, sdkCount=0,clusterCount=0

2025-11-12 12:51:09,709 INFO Out dated connection ,size=0

2025-11-12 12:51:09,945 INFO Connection check task end

2025-11-12 13:15:52,867 INFO Fail to find connection runtime ejector for name nacos,use default

2025-11-12 13:15:53,888 INFO Connection check task start

2025-11-12 13:15:53,895 INFO Long connection metrics detail ,Total count =0, sdkCount=0,clusterCount=0

2025-11-12 13:15:53,898 INFO Out dated connection ,size=0

2025-11-12 13:15:53,900 INFO Connection check task end

2025-11-12 13:15:55,936 INFO ConnectionMetrics, totalCount = 0, detail = {long_connection=0, long_polling=0}

2025-11-12 13:15:57,087 INFO Connection check task start

2025-11-12 13:15:57,098 INFO Long connection metrics detail ,Total count =0, sdkCount=0,clusterCount=0

2025-11-12 13:15:57,112 INFO Out dated connection ,size=0

2025-11-12 13:15:57,115 INFO Connection check task end

2025-11-12 13:15:59,034 INFO ConnectionMetrics, totalCount = 0, detail = {long_connection=0, long_polling=0}

2025-11-12 13:16:00,171 INFO Connection check task start

2025-11-12 13:16:00,806 INFO Long connection metrics detail ,Total count =0, sdkCount=0,clusterCount=0

2025-11-12 13:16:00,816 INFO Out dated connection ,size=0

2025-11-12 13:16:00,818 INFO Connection check task end

2025-11-12 13:16:02,931 INFO ConnectionMetrics, totalCount = 0, detail = {long_connection=0, long_polling=0}

2025-11-12 13:26:35,904 INFO Fail to find connection runtime ejector for name nacos,use default

2025-11-12 13:26:36,971 INFO Connection check task start

2025-11-12 13:26:36,997 INFO Long connection metrics detail ,Total count =0, sdkCount=0,clusterCount=0

2025-11-12 13:26:37,012 INFO Out dated connection ,size=0

2025-11-12 13:26:37,014 INFO Connection check task end

2025-11-12 13:29:55,954 INFO Fail to find connection runtime ejector for name nacos,use default

2025-11-12 13:29:56,969 INFO Connection check task start

2025-11-12 13:29:56,971 INFO Long connection metrics detail ,Total count =0, sdkCount=0,clusterCount=0

2025-11-12 13:29:56,974 INFO Out dated connection ,size=0

2025-11-12 13:29:56,977 INFO Connection check task end

2025-11-12 13:30:00,248 INFO Connection check task start

2025-11-12 13:30:02,112 INFO Long connection metrics detail ,Total count =0, sdkCount=0,clusterCount=0

2025-11-12 13:30:02,544 INFO Out dated connection ,size=0

2025-11-12 13:30:03,712 INFO Connection check task end

2025-11-12 13:30:07,156 INFO Connection check task start

2025-11-12 13:30:07,533 INFO Long connection metrics detail ,Total count =0, sdkCount=0,clusterCount=0

2025-11-12 13:30:08,320 INFO Out dated connection ,size=0

2025-11-12 13:30:08,812 INFO Connection check task end

2025-11-12 13:30:12,043 INFO Connection check task start

2025-11-12 13:30:13,014 INFO Long connection metrics detail ,Total count =0, sdkCount=0,clusterCount=0

2025-11-12 13:30:14,101 INFO Out dated connection ,size=0

2025-11-12 13:30:16,282 INFO Connection check task end

2025-11-12 13:33:18,881 INFO Fail to find connection runtime ejector for name nacos,use default

2025-11-12 13:33:19,994 INFO Connection check task start

2025-11-12 13:33:20,022 INFO Long connection metrics detail ,Total count =0, sdkCount=0,clusterCount=0

2025-11-12 13:33:20,150 INFO Out dated connection ,size=0

2025-11-12 13:33:20,195 INFO Connection check task end

2025-11-12 13:37:46,146 INFO Fail to find connection runtime ejector for name nacos,use default

2025-11-12 13:37:47,203 INFO Connection check task start

2025-11-12 13:37:47,273 INFO Long connection metrics detail ,Total count =0, sdkCount=0,clusterCount=0

2025-11-12 13:37:47,323 INFO Out dated connection ,size=0

2025-11-12 13:37:47,324 INFO Connection check task end

2025-11-12 13:43:11,567 INFO Fail to find connection runtime ejector for name nacos,use default

2025-11-12 13:43:12,604 INFO Connection check task start

2025-11-12 13:43:12,615 INFO Long connection metrics detail ,Total count =0, sdkCount=0,clusterCount=0

2025-11-12 13:43:12,636 INFO Out dated connection ,size=0

2025-11-12 13:43:12,645 INFO Connection check task end

2025-11-12 13:43:15,063 INFO ConnectionMetrics, totalCount = 0, detail = {long_connection=0, long_polling=0}

2025-11-12 13:43:16,555 INFO Connection check task start

2025-11-12 13:43:16,586 INFO Long connection metrics detail ,Total count =0, sdkCount=0,clusterCount=0

2025-11-12 13:43:16,617 INFO Out dated connection ,size=0

2025-11-12 13:43:16,619 INFO Connection check task end

2025-11-12 13:43:18,154 INFO ConnectionMetrics, totalCount = 0, detail = {long_connection=0, long_polling=0}

2025-11-12 13:43:19,630 INFO Connection check task start

2025-11-12 13:43:19,688 INFO Long connection metrics detail ,Total count =0, sdkCount=0,clusterCount=0

2025-11-12 13:43:19,764 INFO Out dated connection ,size=0

2025-11-12 13:43:19,790 INFO Connection check task end

2025-11-12 13:43:21,343 INFO ConnectionMetrics, totalCount = 0, detail = {long_connection=0, long_polling=0}

2025-11-12 13:43:22,870 INFO Connection check task start

2025-11-12 13:43:23,208 INFO Long connection metrics detail ,Total count =0, sdkCount=0,clusterCount=0

2025-11-12 13:43:23,261 INFO Out dated connection ,size=0

2025-11-12 13:43:23,858 INFO Connection check task end

2025-11-12 13:43:24,761 INFO ConnectionMetrics, totalCount = 0, detail = {long_connection=0, long_polling=0}

2025-11-12 13:43:27,301 INFO Connection check task start

2025-11-12 13:43:27,319 INFO Long connection metrics detail ,Total count =0, sdkCount=0,clusterCount=0

2025-11-12 13:43:27,324 INFO Out dated connection ,size=0

2025-11-12 13:43:27,327 INFO Connection check task end

2025-11-12 13:43:28,511 INFO ConnectionMetrics, totalCount = 0, detail = {long_connection=0, long_polling=0}

2025-11-12 13:43:30,759 INFO Connection check task start

2025-11-12 13:43:31,226 INFO Long connection metrics detail ,Total count =0, sdkCount=0,clusterCount=0

2025-11-12 13:43:31,847 INFO Out dated connection ,size=0

2025-11-12 13:43:32,105 INFO Connection check task end

2025-11-12 13:43:32,252 INFO ConnectionMetrics, totalCount = 0, detail = {long_connection=0, long_polling=0}

2025-11-12 13:43:36,542 INFO Connection check task start

2025-11-12 13:43:37,085 INFO Long connection metrics detail ,Total count =0, sdkCount=0,clusterCount=0

2025-11-12 13:43:37,085 INFO ConnectionMetrics, totalCount = 0, detail = {long_connection=0, long_polling=0}

2025-11-12 13:43:38,389 INFO Out dated connection ,size=0

2025-11-12 13:43:39,184 INFO Connection check task end

2025-11-12 13:43:42,546 INFO ConnectionMetrics, totalCount = 0, detail = {long_connection=0, long_polling=0}

2025-11-12 13:43:42,848 INFO Connection check task start

2025-11-12 13:43:43,376 INFO Long connection metrics detail ,Total count =0, sdkCount=0,clusterCount=0

2025-11-12 13:43:43,596 INFO Out dated connection ,size=0

2025-11-12 13:43:43,841 INFO Connection check task end

2025-11-12 13:43:47,283 INFO Connection check task start

2025-11-12 13:43:47,544 INFO Long connection metrics detail ,Total count =0, sdkCount=0,clusterCount=0

2025-11-12 13:43:46,820 INFO ConnectionMetrics, totalCount = 0, detail = {long_connection=0, long_polling=0}

2025-11-12 13:43:47,717 INFO Out dated connection ,size=0

2025-11-12 13:43:47,964 INFO Connection check task end

2025-11-12 13:44:04,183 INFO ConnectionMetrics, totalCount = 0, detail = {long_connection=0, long_polling=0}

2025-11-12 13:44:06,157 INFO Connection check task start

2025-11-12 13:44:08,978 INFO Long connection metrics detail ,Total count =0, sdkCount=0,clusterCount=0

2025-11-12 13:44:09,174 INFO Out dated connection ,size=0

2025-11-12 13:47:26,944 INFO Fail to find connection runtime ejector for name nacos,use default

2025-11-12 13:47:27,947 INFO Connection check task start

2025-11-12 13:47:27,950 INFO Long connection metrics detail ,Total count =0, sdkCount=0,clusterCount=0

2025-11-12 13:47:27,953 INFO Out dated connection ,size=0

2025-11-12 13:47:27,955 INFO Connection check task end

2025-11-12 13:47:31,069 INFO Connection check task start

2025-11-12 13:47:31,256 INFO Long connection metrics detail ,Total count =0, sdkCount=0,clusterCount=0

2025-11-12 13:47:31,373 INFO Out dated connection ,size=0

2025-11-12 13:47:31,400 INFO Connection check task end

2025-11-12 13:47:34,435 INFO Connection check task start

2025-11-12 13:47:34,577 INFO Long connection metrics detail ,Total count =0, sdkCount=0,clusterCount=0

2025-11-12 13:47:34,660 INFO Out dated connection ,size=0

2025-11-12 13:47:34,693 INFO Connection check task end

2025-11-12 13:47:38,015 INFO Connection check task start

2025-11-12 13:47:38,765 INFO Long connection metrics detail ,Total count =0, sdkCount=0,clusterCount=0

2025-11-12 13:47:39,715 INFO Out dated connection ,size=0

2025-11-12 13:47:40,142 INFO Connection check task end

2025-11-12 13:49:49,559 INFO Fail to find connection runtime ejector for name nacos,use default

2025-11-12 13:49:50,621 INFO Connection check task start

2025-11-12 13:49:50,811 INFO Long connection metrics detail ,Total count =0, sdkCount=0,clusterCount=0

2025-11-12 13:49:50,812 INFO Out dated connection ,size=0

2025-11-12 13:49:50,813 INFO Connection check task end

2025-11-12 13:49:53,075 INFO ConnectionMetrics, totalCount = 0, detail = {long_connection=0, long_polling=0}

2025-11-12 13:49:54,573 INFO Connection check task start

2025-11-12 13:49:54,583 INFO Long connection metrics detail ,Total count =0, sdkCount=0,clusterCount=0

2025-11-12 13:49:54,586 INFO Out dated connection ,size=0

2025-11-12 13:49:54,590 INFO Connection check task end

2025-11-12 13:49:56,184 INFO ConnectionMetrics, totalCount = 0, detail = {long_connection=0, long_polling=0}

2025-11-12 13:49:57,623 INFO Connection check task start

2025-11-12 13:49:57,645 INFO Long connection metrics detail ,Total count =0, sdkCount=0,clusterCount=0

2025-11-12 13:49:57,742 INFO Out dated connection ,size=0

2025-11-12 13:49:57,744 INFO Connection check task end

2025-11-12 13:49:59,277 INFO ConnectionMetrics, totalCount = 0, detail = {long_connection=0, long_polling=0}

2025-11-12 13:50:01,000 INFO Connection check task start

2025-11-12 13:50:01,277 INFO Long connection metrics detail ,Total count =0, sdkCount=0,clusterCount=0

2025-11-12 13:50:01,387 INFO Out dated connection ,size=0

2025-11-12 13:50:01,397 INFO Connection check task end

2025-11-12 13:50:02,353 INFO ConnectionMetrics, totalCount = 0, detail = {long_connection=0, long_polling=0}

2025-11-12 13:50:04,411 INFO Connection check task start

2025-11-12 13:50:04,432 INFO Long connection metrics detail ,Total count =0, sdkCount=0,clusterCount=0

2025-11-12 13:50:04,617 INFO Out dated connection ,size=0

2025-11-12 13:50:04,657 INFO Connection check task end

2025-11-12 13:50:05,650 INFO ConnectionMetrics, totalCount = 0, detail = {long_connection=0, long_polling=0}

2025-11-12 13:50:07,715 INFO Connection check task start

2025-11-12 13:50:07,772 INFO Long connection metrics detail ,Total count =0, sdkCount=0,clusterCount=0

2025-11-12 13:50:07,856 INFO Out dated connection ,size=0

2025-11-12 13:50:07,894 INFO Connection check task end

2025-11-12 13:50:08,879 INFO ConnectionMetrics, totalCount = 0, detail = {long_connection=0, long_polling=0}

2025-11-12 13:50:10,946 INFO Connection check task start

2025-11-12 13:50:11,059 INFO Long connection metrics detail ,Total count =0, sdkCount=0,clusterCount=0

2025-11-12 13:50:11,121 INFO Out dated connection ,size=0

2025-11-12 13:50:11,152 INFO Connection check task end

2025-11-12 13:50:11,993 INFO ConnectionMetrics, totalCount = 0, detail = {long_connection=0, long_polling=0}

2025-11-12 13:50:14,185 INFO Connection check task start

2025-11-12 13:50:14,200 INFO Long connection metrics detail ,Total count =0, sdkCount=0,clusterCount=0

2025-11-12 13:50:14,203 INFO Out dated connection ,size=0

2025-11-12 13:50:14,204 INFO Connection check task end

2025-11-12 13:50:15,099 INFO ConnectionMetrics, totalCount = 0, detail = {long_connection=0, long_polling=0}

2025-11-12 13:50:17,299 INFO Connection check task start

2025-11-12 13:50:17,302 INFO Long connection metrics detail ,Total count =0, sdkCount=0,clusterCount=0

2025-11-12 13:50:17,305 INFO Out dated connection ,size=0

2025-11-12 13:50:17,310 INFO Connection check task end

2025-11-12 13:50:18,131 INFO ConnectionMetrics, totalCount = 0, detail = {long_connection=0, long_polling=0}

2025-11-12 13:50:20,487 INFO Connection check task start

2025-11-12 13:50:20,563 INFO Long connection metrics detail ,Total count =0, sdkCount=0,clusterCount=0

2025-11-12 13:50:20,567 INFO Out dated connection ,size=0

2025-11-12 13:50:20,569 INFO Connection check task end

2025-11-12 13:50:21,158 INFO ConnectionMetrics, totalCount = 0, detail = {long_connection=0, long_polling=0}

2025-11-12 13:50:23,580 INFO Connection check task start

2025-11-12 13:50:23,596 INFO Long connection metrics detail ,Total count =0, sdkCount=0,clusterCount=0

2025-11-12 13:50:23,614 INFO Out dated connection ,size=0

2025-11-12 13:50:23,785 INFO Connection check task end

2025-11-12 13:50:24,281 INFO ConnectionMetrics, totalCount = 0, detail = {long_connection=0, long_polling=0}

2025-11-12 13:50:26,907 INFO Connection check task start

2025-11-12 13:50:27,440 INFO Long connection metrics detail ,Total count =0, sdkCount=0,clusterCount=0

2025-11-12 13:50:27,797 INFO Out dated connection ,size=0

2025-11-12 13:50:27,765 INFO ConnectionMetrics, totalCount = 0, detail = {long_connection=0, long_polling=0}

2025-11-12 13:50:28,048 INFO Connection check task end

2025-11-12 13:50:32,277 INFO Connection check task start

2025-11-12 13:50:31,602 INFO ConnectionMetrics, totalCount = 0, detail = {long_connection=0, long_polling=0}

2025-11-12 13:50:32,320 INFO Long connection metrics detail ,Total count =0, sdkCount=0,clusterCount=0

2025-11-12 13:50:32,634 INFO Out dated connection ,size=0

2025-11-12 13:50:32,878 INFO Connection check task end

2025-11-12 13:50:35,600 INFO ConnectionMetrics, totalCount = 0, detail = {long_connection=0, long_polling=0}

2025-11-12 13:50:35,913 INFO Connection check task start

2025-11-12 13:50:35,941 INFO Long connection metrics detail ,Total count =0, sdkCount=0,clusterCount=0

2025-11-12 13:50:35,951 INFO Out dated connection ,size=0

2025-11-12 13:50:35,953 INFO Connection check task end

2025-11-12 13:50:38,636 INFO ConnectionMetrics, totalCount = 0, detail = {long_connection=0, long_polling=0}

2025-11-12 13:50:38,977 INFO Connection check task start

2025-11-12 13:50:39,072 INFO Long connection metrics detail ,Total count =0, sdkCount=0,clusterCount=0

2025-11-12 13:50:39,124 INFO Out dated connection ,size=0

2025-11-12 13:50:39,141 INFO Connection check task end

2025-11-12 13:50:42,072 INFO ConnectionMetrics, totalCount = 0, detail = {long_connection=0, long_polling=0}

2025-11-12 13:50:42,200 INFO Connection check task start

2025-11-12 13:50:42,299 INFO Long connection metrics detail ,Total count =0, sdkCount=0,clusterCount=0

2025-11-12 13:50:42,328 INFO Out dated connection ,size=0

2025-11-12 13:50:42,632 INFO Connection check task end

2025-11-12 13:50:45,186 INFO ConnectionMetrics, totalCount = 0, detail = {long_connection=0, long_polling=0}

2025-11-12 13:50:45,751 INFO Connection check task start

2025-11-12 13:50:45,810 INFO Long connection metrics detail ,Total count =0, sdkCount=0,clusterCount=0

2025-11-12 13:50:45,817 INFO Out dated connection ,size=0

2025-11-12 13:50:45,820 INFO Connection check task end

2025-11-12 13:50:48,259 INFO ConnectionMetrics, totalCount = 0, detail = {long_connection=0, long_polling=0}

2025-11-12 13:50:48,839 INFO Connection check task start

2025-11-12 13:50:48,895 INFO Long connection metrics detail ,Total count =0, sdkCount=0,clusterCount=0

2025-11-12 13:50:48,965 INFO Out dated connection ,size=0

2025-11-12 13:50:49,023 INFO Connection check task end

2025-11-12 13:50:51,379 INFO ConnectionMetrics, totalCount = 0, detail = {long_connection=0, long_polling=0}

2025-11-12 13:50:52,126 INFO Connection check task start

2025-11-12 13:50:52,533 INFO Long connection metrics detail ,Total count =0, sdkCount=0,clusterCount=0

2025-11-12 13:50:52,698 INFO Out dated connection ,size=0

2025-11-12 13:50:52,716 INFO Connection check task end

2025-11-12 13:50:54,508 INFO ConnectionMetrics, totalCount = 0, detail = {long_connection=0, long_polling=0}

2025-11-12 13:50:56,000 INFO Connection check task start

2025-11-12 13:50:56,029 INFO Long connection metrics detail ,Total count =0, sdkCount=0,clusterCount=0

2025-11-12 13:50:56,034 INFO Out dated connection ,size=0

2025-11-12 13:50:56,036 INFO Connection check task end

2025-11-12 13:50:58,000 INFO ConnectionMetrics, totalCount = 0, detail = {long_connection=0, long_polling=0}

2025-11-12 13:50:59,157 INFO Connection check task start

2025-11-12 13:50:59,508 INFO Long connection metrics detail ,Total count =0, sdkCount=0,clusterCount=0

2025-11-12 13:51:00,109 INFO Out dated connection ,size=0

2025-11-12 13:51:02,909 INFO Connection check task end

2025-11-12 13:51:03,061 INFO ConnectionMetrics, totalCount = 0, detail = {long_connection=0, long_polling=0}

2025-11-12 13:51:06,242 INFO Connection check task start

2025-11-12 13:51:06,506 INFO ConnectionMetrics, totalCount = 0, detail = {long_connection=0, long_polling=0}

2025-11-12 13:51:06,506 INFO Long connection metrics detail ,Total count =0, sdkCount=0,clusterCount=0

2025-11-12 13:51:06,879 INFO Out dated connection ,size=0

2025-11-12 13:51:06,975 INFO Connection check task end

2025-11-12 13:51:10,022 INFO ConnectionMetrics, totalCount = 0, detail = {long_connection=0, long_polling=0}

2025-11-12 13:51:10,266 INFO Connection check task start

2025-11-12 13:51:10,575 INFO Long connection metrics detail ,Total count =0, sdkCount=0,clusterCount=0

2025-11-12 13:51:11,175 INFO Out dated connection ,size=0

2025-11-12 13:51:11,326 INFO Connection check task end

2025-11-12 13:51:14,242 INFO ConnectionMetrics, totalCount = 0, detail = {long_connection=0, long_polling=0}

2025-11-12 13:51:14,654 INFO Connection check task start

2025-11-12 13:51:14,846 INFO Long connection metrics detail ,Total count =0, sdkCount=0,clusterCount=0

2025-11-12 13:51:17,275 INFO Out dated connection ,size=0

2025-11-12 13:51:17,963 INFO Connection check task end

2025-11-12 13:51:18,221 INFO ConnectionMetrics, totalCount = 0, detail = {long_connection=0, long_polling=0}

2025-11-12 13:51:21,412 INFO Connection check task start

2025-11-12 13:51:21,884 INFO Long connection metrics detail ,Total count =0, sdkCount=0,clusterCount=0

2025-11-12 13:51:22,081 INFO Out dated connection ,size=0

2025-11-12 13:51:22,081 INFO ConnectionMetrics, totalCount = 0, detail = {long_connection=0, long_polling=0}

2025-11-12 13:51:22,222 INFO Connection check task end

2025-11-12 13:51:26,398 INFO Connection check task start

2025-11-12 13:51:26,343 INFO ConnectionMetrics, totalCount = 0, detail = {long_connection=0, long_polling=0}

2025-11-12 13:51:26,742 INFO Long connection metrics detail ,Total count =0, sdkCount=0,clusterCount=0

2025-11-12 13:51:27,440 INFO Out dated connection ,size=0

2025-11-12 13:51:27,975 INFO Connection check task end

2025-11-12 13:51:30,374 INFO ConnectionMetrics, totalCount = 0, detail = {long_connection=0, long_polling=0}

2025-11-12 13:51:33,660 INFO Connection check task start

2025-11-12 13:51:33,824 INFO Long connection metrics detail ,Total count =0, sdkCount=0,clusterCount=0

2025-11-12 13:51:34,035 INFO Out dated connection ,size=0

2025-11-12 13:51:34,036 INFO ConnectionMetrics, totalCount = 0, detail = {long_connection=0, long_polling=0}

2025-11-12 13:51:34,085 INFO Connection check task end

2025-11-12 13:51:37,336 INFO Connection check task start

2025-11-12 13:51:37,724 INFO ConnectionMetrics, totalCount = 0, detail = {long_connection=0, long_polling=0}

2025-11-12 13:51:37,932 INFO Long connection metrics detail ,Total count =0, sdkCount=0,clusterCount=0

2025-11-12 13:51:39,316 INFO Out dated connection ,size=0

2025-11-12 13:51:39,649 INFO Connection check task end

2025-11-12 13:51:42,058 INFO ConnectionMetrics, totalCount = 0, detail = {long_connection=0, long_polling=0}

2025-11-12 13:51:43,478 INFO Connection check task start

2025-11-12 13:51:43,950 INFO Long connection metrics detail ,Total count =0, sdkCount=0,clusterCount=0

2025-11-12 13:51:44,951 INFO Out dated connection ,size=0

2025-11-12 13:51:45,269 INFO Connection check task end

2025-11-12 13:51:46,912 INFO ConnectionMetrics, totalCount = 0, detail = {long_connection=0, long_polling=0}

2025-11-12 13:51:51,745 INFO Connection check task start

2025-11-12 13:51:51,777 INFO Long connection metrics detail ,Total count =0, sdkCount=0,clusterCount=0

2025-11-12 13:51:52,007 INFO ConnectionMetrics, totalCount = 0, detail = {long_connection=0, long_polling=0}

2025-11-12 13:51:52,028 INFO Out dated connection ,size=0

2025-11-12 13:51:52,520 INFO Connection check task end

2025-11-12 13:51:55,671 INFO ConnectionMetrics, totalCount = 0, detail = {long_connection=0, long_polling=0}

2025-11-12 13:51:55,909 INFO Connection check task start

2025-11-12 13:51:56,035 INFO Long connection metrics detail ,Total count =0, sdkCount=0,clusterCount=0

2025-11-12 13:51:56,122 INFO Out dated connection ,size=0

2025-11-12 13:51:56,161 INFO Connection check task end

2025-11-12 13:51:59,052 INFO ConnectionMetrics, totalCount = 0, detail = {long_connection=0, long_polling=0}

2025-11-12 13:51:59,563 INFO Connection check task start

2025-11-12 13:51:59,892 INFO Long connection metrics detail ,Total count =0, sdkCount=0,clusterCount=0

2025-11-12 13:52:00,202 INFO Out dated connection ,size=0

2025-11-12 13:52:00,737 INFO Connection check task end

2025-11-12 13:52:02,523 INFO ConnectionMetrics, totalCount = 0, detail = {long_connection=0, long_polling=0}

2025-11-12 13:52:04,318 INFO Connection check task start

2025-11-12 13:52:04,864 INFO Long connection metrics detail ,Total count =0, sdkCount=0,clusterCount=0

2025-11-12 13:52:04,971 INFO Out dated connection ,size=0

2025-11-12 13:52:05,463 INFO Connection check task end

2025-11-12 13:52:06,151 INFO ConnectionMetrics, totalCount = 0, detail = {long_connection=0, long_polling=0}

2025-11-12 13:52:10,401 INFO Connection check task start

2025-11-12 13:52:10,687 INFO Long connection metrics detail ,Total count =0, sdkCount=0,clusterCount=0

2025-11-12 13:52:10,254 INFO ConnectionMetrics, totalCount = 0, detail = {long_connection=0, long_polling=0}

2025-11-12 13:52:11,371 INFO Out dated connection ,size=0

2025-11-12 13:52:11,607 INFO Connection check task end

2025-11-12 13:52:15,016 INFO ConnectionMetrics, totalCount = 0, detail = {long_connection=0, long_polling=0}

2025-11-12 13:52:15,176 INFO Connection check task start

2025-11-12 13:52:17,286 INFO Long connection metrics detail ,Total count =0, sdkCount=0,clusterCount=0

2025-11-12 13:52:17,854 INFO Out dated connection ,size=0

2025-11-12 13:52:17,997 INFO Connection check task end

2025-11-12 13:52:18,755 INFO ConnectionMetrics, totalCount = 0, detail = {long_connection=0, long_polling=0}

2025-11-12 13:52:21,576 INFO Connection check task start

2025-11-12 13:52:21,703 INFO Long connection metrics detail ,Total count =0, sdkCount=0,clusterCount=0

2025-11-12 13:52:21,999 INFO Out dated connection ,size=0

2025-11-12 13:52:22,014 INFO Connection check task end

2025-11-12 13:52:22,637 INFO ConnectionMetrics, totalCount = 0, detail = {long_connection=0, long_polling=0}

2025-11-12 13:52:26,119 INFO ConnectionMetrics, totalCount = 0, detail = {long_connection=0, long_polling=0}

2025-11-12 13:52:25,468 INFO Connection check task start

2025-11-12 13:52:26,407 INFO Long connection metrics detail ,Total count =0, sdkCount=0,clusterCount=0

2025-11-12 13:52:28,539 INFO Out dated connection ,size=0

2025-11-12 13:52:28,732 INFO Connection check task end

2025-11-12 13:52:29,400 INFO ConnectionMetrics, totalCount = 0, detail = {long_connection=0, long_polling=0}

2025-11-12 13:52:32,168 INFO Connection check task start

2025-11-12 13:52:32,536 INFO Long connection metrics detail ,Total count =0, sdkCount=0,clusterCount=0

2025-11-12 13:52:32,773 INFO ConnectionMetrics, totalCount = 0, detail = {long_connection=0, long_polling=0}

2025-11-12 13:52:32,815 INFO Out dated connection ,size=0

2025-11-12 13:52:32,903 INFO Connection check task end

2025-11-12 13:52:37,374 INFO Connection check task start

2025-11-12 13:52:37,718 INFO ConnectionMetrics, totalCount = 0, detail = {long_connection=0, long_polling=0}

2025-11-12 13:52:39,293 INFO Long connection metrics detail ,Total count =0, sdkCount=0,clusterCount=0

2025-11-12 13:52:41,081 INFO Out dated connection ,size=0

2025-11-12 13:52:41,582 INFO Connection check task end

2025-11-12 13:52:44,514 INFO ConnectionMetrics, totalCount = 0, detail = {long_connection=0, long_polling=0}

2025-11-12 13:52:44,957 INFO Connection check task start

2025-11-12 13:52:45,038 INFO Long connection metrics detail ,Total count =0, sdkCount=0,clusterCount=0

2025-11-12 13:52:45,454 INFO Out dated connection ,size=0

2025-11-12 13:52:45,840 INFO Connection check task end

2025-11-12 13:52:48,308 INFO ConnectionMetrics, totalCount = 0, detail = {long_connection=0, long_polling=0}

2025-11-12 13:52:49,081 INFO Connection check task start

2025-11-12 13:52:49,498 INFO Long connection metrics detail ,Total count =0, sdkCount=0,clusterCount=0

2025-11-12 13:52:49,781 INFO Out dated connection ,size=0

2025-11-12 13:52:50,051 INFO Connection check task end

2025-11-12 13:52:52,320 INFO ConnectionMetrics, totalCount = 0, detail = {long_connection=0, long_polling=0}

2025-11-12 13:52:53,390 INFO Connection check task start

2025-11-12 13:52:53,538 INFO Long connection metrics detail ,Total count =0, sdkCount=0,clusterCount=0

2025-11-12 13:52:53,804 INFO Out dated connection ,size=0

2025-11-12 13:52:54,085 INFO Connection check task end

2025-11-12 13:52:55,898 INFO ConnectionMetrics, totalCount = 0, detail = {long_connection=0, long_polling=0}

2025-11-12 13:52:57,116 INFO Connection check task start

2025-11-12 13:52:57,180 INFO Long connection metrics detail ,Total count =0, sdkCount=0,clusterCount=0

2025-11-12 13:52:57,822 INFO Out dated connection ,size=0

2025-11-12 13:52:58,036 INFO Connection check task end

2025-11-12 14:43:08,004 INFO Fail to find connection runtime ejector for name nacos,use default

2025-11-12 14:43:09,523 INFO Connection check task start

2025-11-12 14:43:09,572 INFO Long connection metrics detail ,Total count =0, sdkCount=0,clusterCount=0

2025-11-12 14:43:09,589 INFO Out dated connection ,size=0

2025-11-12 14:43:09,624 INFO Connection check task end

2025-11-12 14:44:58,553 INFO ConnectionMetrics, totalCount = 0, detail = {long_connection=0, long_polling=0}

2025-11-12 14:45:01,714 INFO ConnectionMetrics, totalCount = 0, detail = {long_connection=0, long_polling=0}

2025-11-12 14:45:03,743 INFO Connection check task start

2025-11-12 14:45:03,773 INFO Long connection metrics detail ,Total count =0, sdkCount=0,clusterCount=0

2025-11-12 14:45:03,775 INFO Out dated connection ,size=0

2025-11-12 14:45:03,776 INFO Connection check task end

2025-11-12 14:45:04,922 INFO ConnectionMetrics, totalCount = 0, detail = {long_connection=0, long_polling=0}

2025-11-12 14:45:06,784 INFO Connection check task start

2025-11-12 14:45:06,832 INFO Long connection metrics detail ,Total count =0, sdkCount=0,clusterCount=0

2025-11-12 14:45:06,856 INFO Out dated connection ,size=0

2025-11-12 14:45:06,862 INFO Connection check task end

2025-11-12 14:45:08,035 INFO ConnectionMetrics, totalCount = 0, detail = {long_connection=0, long_polling=0}

2025-11-12 14:45:09,873 INFO Connection check task start

2025-11-12 14:45:09,875 INFO Long connection metrics detail ,Total count =0, sdkCount=0,clusterCount=0

2025-11-12 14:45:09,876 INFO Out dated connection ,size=0

2025-11-12 14:45:09,877 INFO Connection check task end

2025-11-12 14:45:11,302 INFO ConnectionMetrics, totalCount = 0, detail = {long_connection=0, long_polling=0}

2025-11-12 14:45:12,890 INFO Connection check task start

2025-11-12 14:45:12,927 INFO Long connection metrics detail ,Total count =0, sdkCount=0,clusterCount=0

2025-11-12 14:45:12,999 INFO Out dated connection ,size=0

2025-11-12 14:45:13,390 INFO Connection check task end

2025-11-12 14:45:14,951 INFO ConnectionMetrics, totalCount = 0, detail = {long_connection=0, long_polling=0}

2025-11-12 14:45:16,497 INFO Connection check task start

2025-11-12 14:45:16,653 INFO Long connection metrics detail ,Total count =0, sdkCount=0,clusterCount=0

2025-11-12 14:45:16,656 INFO Out dated connection ,size=0

2025-11-12 14:45:16,658 INFO Connection check task end

2025-11-12 14:45:18,341 INFO ConnectionMetrics, totalCount = 0, detail = {long_connection=0, long_polling=0}

2025-11-12 14:45:19,746 INFO Connection check task start

2025-11-12 14:45:19,948 INFO Long connection metrics detail ,Total count =0, sdkCount=0,clusterCount=0

2025-11-12 14:45:20,011 INFO Out dated connection ,size=0

2025-11-12 14:45:20,173 INFO Connection check task end

2025-11-12 14:45:22,573 INFO ConnectionMetrics, totalCount = 0, detail = {long_connection=0, long_polling=0}

2025-11-12 14:45:23,963 INFO Connection check task start

2025-11-12 14:45:24,053 INFO Long connection metrics detail ,Total count =0, sdkCount=0,clusterCount=0

2025-11-12 14:45:24,780 INFO Out dated connection ,size=0

2025-11-12 14:45:24,934 INFO Connection check task end

2025-11-12 14:45:25,960 INFO ConnectionMetrics, totalCount = 0, detail = {long_connection=0, long_polling=0}

2025-11-12 14:45:28,589 INFO Connection check task start

2025-11-12 14:45:29,173 INFO Long connection metrics detail ,Total count =0, sdkCount=0,clusterCount=0

2025-11-12 14:45:29,359 INFO ConnectionMetrics, totalCount = 0, detail = {long_connection=0, long_polling=0}

2025-11-12 14:45:29,560 INFO Out dated connection ,size=0

2025-11-12 14:45:29,854 INFO Connection check task end

2025-11-12 14:45:33,037 INFO Connection check task start

2025-11-12 14:45:33,212 INFO Long connection metrics detail ,Total count =0, sdkCount=0,clusterCount=0

2025-11-12 14:45:33,249 INFO ConnectionMetrics, totalCount = 0, detail = {long_connection=0, long_polling=0}

2025-11-12 14:45:33,520 INFO Out dated connection ,size=0

2025-11-12 14:45:33,605 INFO Connection check task end

2025-11-12 14:45:36,773 INFO ConnectionMetrics, totalCount = 0, detail = {long_connection=0, long_polling=0}

2025-11-12 14:45:37,007 INFO Connection check task start

2025-11-12 14:45:37,494 INFO Long connection metrics detail ,Total count =0, sdkCount=0,clusterCount=0

2025-11-12 14:45:37,875 INFO Out dated connection ,size=0

2025-11-12 14:45:37,980 INFO Connection check task end

2025-11-12 14:45:40,273 INFO ConnectionMetrics, totalCount = 0, detail = {long_connection=0, long_polling=0}

2025-11-12 14:45:41,305 INFO Connection check task start

2025-11-12 14:45:41,553 INFO Long connection metrics detail ,Total count =0, sdkCount=0,clusterCount=0

2025-11-12 14:45:41,710 INFO Out dated connection ,size=0

2025-11-12 14:45:41,904 INFO Connection check task end

2025-11-12 14:47:16,197 INFO Fail to find connection runtime ejector for name nacos,use default

2025-11-12 14:47:17,204 INFO Connection check task start

2025-11-12 14:47:17,217 INFO Long connection metrics detail ,Total count =0, sdkCount=0,clusterCount=0

2025-11-12 14:47:17,230 INFO Out dated connection ,size=0

2025-11-12 14:47:17,241 INFO Connection check task end

2025-11-12 14:47:19,203 INFO ConnectionMetrics, totalCount = 0, detail = {long_connection=0, long_polling=0}

2025-11-12 14:47:20,645 INFO Connection check task start

2025-11-12 14:47:20,713 INFO Long connection metrics detail ,Total count =0, sdkCount=0,clusterCount=0

2025-11-12 14:47:20,751 INFO Out dated connection ,size=0

2025-11-12 14:47:20,761 INFO Connection check task end

2025-11-12 14:47:22,233 INFO ConnectionMetrics, totalCount = 0, detail = {long_connection=0, long_polling=0}

2025-11-12 14:47:23,767 INFO Connection check task start

2025-11-12 14:47:23,783 INFO Long connection metrics detail ,Total count =0, sdkCount=0,clusterCount=0

2025-11-12 14:47:23,794 INFO Out dated connection ,size=0

2025-11-12 14:47:23,798 INFO Connection check task end

2025-11-12 14:47:25,261 INFO ConnectionMetrics, totalCount = 0, detail = {long_connection=0, long_polling=0}

2025-11-12 14:47:26,803 INFO Connection check task start

2025-11-12 14:47:26,806 INFO Long connection metrics detail ,Total count =0, sdkCount=0,clusterCount=0

2025-11-12 14:47:26,807 INFO Out dated connection ,size=0

2025-11-12 14:47:26,807 INFO Connection check task end

